artist,Year,location_description,title,Neighborhood,Location_1,,,,,,,
artist,created_at,location_description,title,neighborhood,,,,,,,,
"Acconci, Saitowitz and Soloman",1996,Public Display : District 3 : Embarcadero/Waterfront,Promenade Ribbon,Embarcadero,"Embarcadero, between North Point and Townsend Streets",,,,,,,
"Acconci, Vito",1979-1981,International Airport : T3 : Lower Level,Two Wings for Wall and Person,SFO,San Francisco International Airport : T3 : Lower Level,,,,,,,
"Acconci, Vito",1969,"Airport : International Terminal, transfer corridor",Light Beams for the Sky of Transfer Corridor,SFO,"San Francisco International Airport : International Terminal, transfer corridor",,,,,,,
"Adams, Mark",1969,Airport : Terminal 2 : Meeting Area,Garden Outside the Gate (The Garden Tapestries),SFO,San Francisco International Airport : Terminal 2 : Meeting Area,,,,,,,
"Adams, Mark",1981-1983,Airport : Terminal 2 : Meeting Area,Garden in San Andreas Valley (The Garden Tapestries),SFO,San Francisco International Airport : Terminal 2 : Meeting Area,,,,,,,
"Adams, Mark",1969,Airport : Terminal 2 : Meeting Area,Pond in Golden Gate Park (The Garden Tapestries),SFO,San Francisco International Airport : Terminal 2 : Meeting Area,,,,,,,
"Aitken, Robert Ingersoll",1969,Public Display : District 6 : Union Square,"The Dewey Monument (Admiral George Dewey, 1837-1917)",Union Square,Union Square,,,,,,,
"Aitken, Robert Ingersoll",1969,Public Display : District 1 : GGP: Music Concourse,Spandrels on Spreckles Temple of Music,Golden Gate Park,Music Concourse,,,,,,,
"Aitken, Robert Ingersoll",1969,"Public Display : District 5 : GGP, Entrance to Panhandle",William McKinley,Golden Gate Park,Entrance to Panhandle,,,,,,,
"Aitken, Robert Ingersoll",1969,"Public Display : District 6 : McAllister Street, North Side of City Hall",Hall McAllister (1829-1888),Civic Center,"McAllister Street, North Side of City Hall",,,,,,,
"Alavi, Seyed",2000,Public Display : District 1 : Richmond Rec Center,Speaking Stones,Richmond,"Richmond Rec Center, 251 18th Ave",,,,,,,
"Albro, Maxine",1969,Public Display : District 3 : Coit Tower,California,North Beach,Coit Tower,,,,,,,
"Alicia/Montoya, Juana/Emmanuel",2000,Airport : Boarding Area G : Gate 97,Sanctuario,SFO,Boarding Area G : Gate 97,,,,,,,
"Anargyros, Spero",1969,Public Display : District 6 : City Hall : Mayor's Rotunda,George Moscone,Civic Center,City Hall : Mayor's Rotunda,,,,,,,
"Anderson, Lois",1987,Public Display : District 7 : Douglas Playground Fieldhouse,Outdoor Wall Mosaic,Noe Valley,"Douglas Playground Fieldhouse, 26th St & Douglass Ave",,,,,,,
Anonymous,Unknown,"Public Display : District 1 : GGP, Music Concourse",Ludwig Van Beethoven (1770-1827),Golden Gate Park,Music Concourse,,,,,,,
Anonymous,1969,"Public Display : District 1 : Lincoln Park, NW side",Kanrin Maru Monument,Richmond,"Lincoln Park, NW side",,,,,,,
Anonymous,1969,Public Display : District 3 : Market and Kearny,Lotta's Fountain,FiDi,"Intersection of Market, Kearny & Geary",,,,,,,
Anonymous,1969,Public Display : District 3 : Huntington Park,Fountain of the Tortoises,,,,,,,,,
Anonymous,,"Public Display : District 1 : GGP, Japanese Tea Garden",Untitled (Stone Lantern),,,,,,,,,
Anonymous,1790,"Public Display : District 1 : GGP, Japanese Tea Graden",Amazarasti-no Hotoke (the Buddha that sits throughout the sunny and rainy weathe,,,,,,,,,
Anonymous,1969,Public Display : District 3 : Washington Square Park,Benjamin Franklin (1706-1790),,,,,,,,,
"Arcega, Michael",2010,Public Display : District 6 and 9 : Valencia Street : Between 16th and 19th Stre,Valencia St. Posts,Mission,Valencia between 16th & 19th St.,,,,,,,
"Arnautoff, Victor",1969,"Public Display : District 1 : Washington High School, main entrance",The Life of George Washington,,,,,,,,,
"Arnautoff, Victor Mikhail",1969,Public Display : District 1 : Washington High School,Edison (1847-1931) Washington (1732-1799) and Shakespeare (1564-1616),,,,,,,,,
"Arnautoff, Victor Mikhail",1969,Public Display : District 3 : Coit Tower,City Life,,,,,,,,,
"Arneson, Robert",2003,Public Display : District 3 : Embarcadero : Justin Herman Plaza,Yin Yang,FiDi,"Justin Herman Plaza, Embarcadero at Washington",,,,,,,
"Arnold, David",1967-1969,City Department : DPH : Health Center #3 : 1525 Silver Avenue,Untitled,,,,,,,,,
"Asawa, Ruth",1969,"Public Display : District 6 : Father Boeddeker Park, Eddy and Jones","Redding School, Self-Portrait",,,,,,,,,
"Asawa, Ruth",1969,"Public Display : District 5 : Japan Town, Post St.",Origami Fountains,,,,,,,,,
"Asawa, Ruth",1969,"Public Display : District 1 : GGP, Japanese Tea Garden",Hagiwara Family Plaque,,,,,,,,,
"Aycock, Alice",1996,"Public Display : District 6 : SFPL, Main : 100 Larkin St. : Periodicals",Cyclone Fragment,Civic Center,"SF Main Library, 5th & 4th Floor",,,,,,,
"Aycock, Alice",1996,"Public Display : District 6 : SFPL, Main : 100 Larkin St. : Periodicals",Functional and Fantasy Stair,Civic Center,"SF Main Library, 5th & 4th Floor",,,,,,,
"Barnes, Carroll",1977,City Department : MTA : Curtis E. Green Metro Center : San Jose and Ocean Aves.,Transverse and Column,,"San Jose Ave
",,,,,,,
"Barr, Aileen",2005,Public Display : District 7 : West Portal Clubhouse : exterior,Secret Garden,West Portal,"West Portal Playground, 131 Lenox Way at Ulloa",,,,,,,
"Barr, Aileen",2005,"Public Display : District 7 : West Portal Clubhouse, exterior",Secret Garden,West Portal,"West Portal Playground, 131 Lenox Way at Ulloa",,,,,,,
"Barr, Aileen",2005,Public Display : District 7 : West Portal Clubhouse : exterior,Secret Garden,West Portal,"West Portal Playground, 131 Lenox Way at Ulloa",,,,,,,
"Barr, Aileen",2005,Public Display : District 7 : West Portal Clubhouse : exterior,Secret Garden,West Portal,"West Portal Playground, 131 Lenox Way at Ulloa",,,,,,,
"Barr, Roger",1985,"Public Display : District 3 : Waterfront, between Piers 35 and 39",Skygate,Embarcadero,Piers 35 & 39,,,,,,,
"Barth, Anders",1997,"City Department : Fire Station #34, Geary @ 41st Ave.",Phoenix,Richmond,"Fire Station #34, 499 41st. Ave.",,,,,,,
"Barth, Anders",2000,City Department : Tenderloin Police Station : Jones St. Facade,First Person Plural,Tenderloin,"TL Police Station, 301 Eddy St.",,,,,,,
"Bates, Diana Pompelly",1969,City Department : Laguna Honda Hospital,Reflection,,,,,,,,,
"Beasley, Bruce",1981,Airport : Terminal 3,The Hesperides,SFO,"Terminal 3, Concourse F",,,,,,,
"Beauchemin, Micheline",1969,Storage : Airport,                                                      ,,,,,,,,,
"Bechtle, Robert",1979,Airport : Terminal 3,San Francisco Nova,"SFO
","Terminal 3, post-security",,,,,,,
"Beery, Jonathan",1969,Public Display : District 2 : Moscone Park and Rec Center,Leatherback Sea Turtle,,,,,,,,,
"Beery, Jonathan",1969,Public Display : District 2 : Moscone Park and Rec Center,The Pink Short-spined Starfish,,,,,,,,,
"Beldner, Ray",1996,Public Display : District 1 : MUNI Turnaround : La Playa and Cabrillo,Playland Revisited,Richmond,"MUNI Terminal: La Playa St & Cabrillo
",,,,,,,
"Berlandina, Jane",1969,Public Display : District 3 : Coit Tower,Home Life,,,,,,,,,
"Berlant, Tony",1987,Airport : T1,Dancing on the Brink of the World,SFO,"Terminal 1, Boarding Area B",,,,,,,
"Bertrand, Raymond",1969,Public Display : District 3 : Coit Tower,Meat Industry,,,,,,,,,
"Biaggi, Suzanne",2006,City Department : Laguna Honda Hospital : Courtyard F,Patterns of Time and Place [stone sculpture],Forest Hill,"Laguna Honda Hospital, 365 Laguna Honda",,,,,,,
"Blackstone, Amy",2004,Public Display : District 9 : Hoff Street Playground,Untitled,Mission,"Kidpower Park, Hoff St. between 16th & 17th St.",,,,,,,
"Blackstone, Amy",33m 20s,Public Display : District 3 : Helen Wills Playground,"Earth, Fire, and Water",,,,,,,,,
"Blake, Nayland W.",1996,"Public Display : District 6 : SFPL, Main : 100 Larkin : Grand Staircase in Atriu",Constellation,Civic Center,"SF Main Library, Grand Staircase & Atrium, 100 Larkin",,,,,,,
"Bongers, Jaap (Jacob)",1969,City Department : Richmond Police Station : 6th Ave. and Anza,Untitled #2,,,,,,,,,
"Bongers, Jaap (Jacob)",1969,City Department : Richmond Police Station : 6th Ave. and Anza : Lobby Floor,Untitled #1,,,,,,,,,
"Bongers, Jaap (Jacob)",1969,"City Department : Fire Station #24, 100 Hoffman",Fire,,,,,,,,,
"Bonner, Jonathan",2010,City Department : Laguna Honda Hospital : Courtyard B,Bloom,Forest Hill,"Laguna Honda Hospital, 365 Laguna Honda",,,,,,,
"Bowler, Patti",1970,Public Display : District 3 : East End of Broadway Tunnel,Dragon Relief,,,,,,,,,
"Boyce, Roger",1985,Public Display : District 9 : Mission Rec. Center : 2450 Harrison St. : Upstairs,Untitled,Mission,"Mission Rec Center, upstairs gymnasium, 2450 Harrison St",,,,,,,
"Boynton, Raymond",1969,Public Display : District 3 : Coit Tower,Animal Force and Machine Force,,,,,,,,,
"Brangwyn, Frank",1969,Public Display : District 6 : War Memorial : Herbst Theater : 401 Van Ness Avenu,Water: The Net,,401 Van Ness Ave,,,,,,,
"Brangwyn, Frank",1969,Public Display : District 6 : War Memorial : Herbst Theater : 401 Van Ness Avenu,Fire: Industrial Fire,,401 Van Ness Ave,,,,,,,
"Brangwyn, Frank",1969,Public Display : District 6 : War Memorial : Herbst Theater : 410 Van Ness Avenu,Fire: Primitive Fire,,401 Van Ness Ave,,,,,,,
"Brangwyn, Frank",1969,Public Display : District 6 : War Memorial : Herbst Theater : 401 Van Ness Avenu,Air: The Windmill,,401 Van Ness Ave,,,,,,,
"Brangwyn, Frank",1969,Public Display : District 6 : War Memorial : Herbst Theater : 401 Van Ness Avenu,Earth: The Fruit Pickers,,401 Van Ness Ave,,,,,,,
"Brangwyn, Frank",1969,Public Display : District 6 : War Memorial : Herbst Theater : 401 Van Ness Avenu,Earth: Dancing the Grapes,,401 Van Ness Ave,,,,,,,
"Brangwyn, Frank",1969,Public Display : District 6 : War Memorial : Herbst Theater,Water: The Fountain,,401 Van Ness Ave,,,,,,,
"Brangwyn, Frank",1969,Public Display : District 6 : War Memorial : Herbst Theater : 401 Van Ness Avenu,Air: The Hunters,,401 Van Ness Ave,,,,,,,
"Brothers, Beliz",2008-2009,City Department : Laguna Honda : South Residence : L3 : Northwest wall #1,Untitled [light boxes and glass panels],,,,,,,,,
"Brothers, Beliz",2008-2009,City Department : Laguna Honda : South Residence : L3 : Northwest wall #2,Untitled [light boxes and glass panels],,,,,,,,,
"Brothers, Beliz",2008-2009,City Department : Laguna Honda : South Residence : L3 : Southeast wall,Untitled [light boxes and glass panels],,,,,,,,,
"Brothers, Beliz",2008-2009,City Department : Laguna Honda : South Residence : L3 : Southwest wall #1,Untitled [light boxes and glass panels],,,,,,,,,
"Brothers, Beliz",2008-2009,City Department : Laguna Honda : South Residence : L3 : Northeast wall,Untitled [light boxes and glass panels],,,,,,,,,
"Brothers, Beliz",2008-2009,City Department : Laguna Honda Hospital : North Residence  : L3 : East Wall,Untitled [light boxes and glass panels],,,,,,,,,
"Brothers, Beliz",2008-2009,City Department : Laguna Honda : South Residence : L3 : Southwest wall #2,Untitled [light boxes and glass panels],,,,,,,,,
"Brothers, Beliz",2008-2009,City Department : Laguna Honda : South Residence : L3 : East wall,Untitled [light boxes and glass panels],,,,,,,,,
"Brothers, Beliz",2008-2009,City Department : Laguna Honda : North Residence : L3 : Northeast wall,Untitled [light boxes and glass panels],,,,,,,,,
"Brothers, Beliz",2008-2009,City Department : Laguna Honda : North Residence : L3 : Northwest wall #1,Untitled [light boxes and glass panels],,,,,,,,,
"Brothers, Beliz",2008-2009,City Department : Laguna Honda : North Residence : L3 : Southwest wall #2,Untitled [light boxes and glass panels],,,,,,,,,
"Brothers, Beliz",2008-2009,City Department : Laguna Honda : North Residence : L3 : Northwest wall #2,Untitled [light boxes and glass panels],,,,,,,,,
"Brothers, Beliz",2008-2009,City Department : Laguna Honda : North Residence  : L3 : Southeast wall,Untitled [light boxes and glass panels],,,,,,,,,
"Brothers, Beliz",2008-2009,City Department : Laguna Honda : North Residence : L3 : Southwest wall #1,Untitled [light boxes and glass panels],,,,,,,,,
"Brown, Arthur Page",1969,"Public Display : District 1 : GGP, Lloyd Lake",Portals of the Past,,,,,,,,,
"Brown, Joan",1986,"Public Display : District 6 : Performing Arts Garage facade, Grove and Franklin",The Dancing Musicians,Civic Center,"Performing Arts Parking Garage, 360 Grove",,,,,,,
"Brown, Joan",1969,Airport : Terminal 2 : Gate 51A,The Journey #2,,,,,,,,,
"Bufano, Beniamino",1930,Public Display : District 6 : Valencia Gardens,Bear and Cubs,,,,,,,,,
"Bufano, Beniamino",1970,Public Display : District 3 : St. Mary's Square,Sun Yat-Sen,,,,,,,,,
"Bufano, Beniamino",1930,Public Display : District 6 : Valencia Gardens,Rabbit,,,,,,,,,
"Bufano, Beniamino",1935-1940,Public Display : District 6 : Valencia Gardens,Mouse,,,,,,,,,
"Bufano, Beniamino",1930,Public Display : District 6 : Valencia Gardens,Small Fish--Big Fish,,,,,,,,,
"Bufano, Beniamino",1969,Public Display : District 8 : CCSF : Ocean Campus : Stairs to Science Building,St. Francis of the Guns,,,,,,,,,
"Bufano, Beniamino",,City Department : Eureka Valley Library,Torso,,,,,,,,,
"Bufano, Beniamino",1969,Public Display : District 7 : 800 Brotherhood Way,Peace,,,,,,,,,
"Bufano, Beniamino",1930s,Public Display : District 3 : Maritime Museum,Frog,,,,,,,,,
"Bufano, Beniamino",1930s,Public Display : District 6 : Valencia Gardens,Two Sea Lions,,,,,,,,,
"Bufano, Beniamino",1969,Public Display : District 5 : Westside Courts,Horse and Rider (St. Francis on Horseback),,,,,,,,,
"Bufano, Beniamino",1937,"Public Display : District 7 : SFSU, Main Quad",Head of St.Francis,,,,,,,,,
"Bufano, Beniamino",1969,Public Display : District 6 : Valencia Gardens,Cat,,,,,,,,,
"Bufano, Beniamino",1935-1940,Public Display : District 3 : Maritime Museum,Seal,,,,,,,,,
"Bufano, Beniamino",,City Department : SFGH,Madonna,,,,,,,,,
"Bufano, Beniamino",1969,Public Display : District 6 : Valencia Gardens,Butterfly,,,,,,,,,
"Bufano, Beniamino",1930s,Public Display : District 6 : Valencia Gardens,Cat and Mouse,,,,,,,,,
"Bufano, Beniamino",1930s,"Public Display : District 3 : Golden Gateway, Jackson and Davis",Penguins,,"Jackson St
(40.71681253676523, -77.8931246926056)",,,,,,,
"Bullock, George",1969,"Public Display : District 1 : GGP, Shakespeare Garden",William Shakespeare,,,,,,,,,
"Buster, Kendall",2011,Airport : Terminal 2 : Ticketing Lobby,Topograph,SFO,"Terminal 2, Ticketing Lobby",,,,,,,
"Butterfield, Deborah",2003,Airport : T1 : Boarding Area C,Pohina,SFO,"Terminal 1, Boarding Area C",,,,,,,
"Carey, Michael",2009,Public Display : District 7 : J.P. Murphy Clubhouse : 9th Avenue and Pacheco,Woman with Birds,Sunset,"JP Murphy Playground, 1960 9th Ave.",,,,,,,
"Carnwath, Squeak",1999,"Airport : IT : Boarding Area G, Gate 94","Fly, Flight, Fugit",SFO,"International Terminal, Gate A4",,,,,,,
"Carpenter, James",2000,Airport : IT : Lobby Skylights,Sculptural Light Reflectors,SFO,"International Terminal, Departures Lobby",,,,,,,
"Carter, Dudley C.",1969,Public Display : District 11 : CCSF : Phelan campus : Administration Building :,Goddess of the Forest,,,,,,,,,
"Catalusci, Robert",2000,City Department : MTA : Muni Structures Facility : 700 Pennsylvania Ave.,Untitled,Potrero Hill,700 Pennsylvania Ave,,,,,,,
"Cervantes, Morales and Poethig",1969,Public Display : District 8 : Youth Guidance Center : 375 Woodside Ave.,Roots and Branches,,375 Woodside Ave,,,,,,,
"Chagoya, Enrique",1969,Public Display : District 6 : Main Library,Authors of Latin American Roots,,,,,,,,,
"Chagoya, Enrique",2000,"Airport : IT : Boarding Area A, Gate A8",Love Letters,SFO,"International Terminal, Gate A8",,,,,,,
"Chamberlain, Ann",1996,"City Department : DPH : SFGH : Parking Garage, Facade",Untitled Photographic Images,Potrero Hill,"General Hospital Parking Garage, 2500 24th St.",,,,,,,
"Chamberlain, Ann and Hamilton, Ann",1996,"Public Display : District 6 : SFPL, Main : 100 Larkin : 3rd, 4th and 5th Floors",Untitled,Civic Center,"SF Public Library, Main : 100 Larkin : 3rd, 4th and 5th Floors",,,,,,,
"Chamberlain, Ann and Ho0d, Walter",2007-2008,Public Display : District 3 : Embarcadero : Justin Herman Plaza,Abraham Lincoln Brigade National Monument,,,,,,,,,
"Chamberlain, Ann and Lubell, Bernie",2009-2010,City Department : Laguna Honda : South Residence : L6 : Northeast Wall,Earth,,,,,,,,,
"Chamberlain, Ann and Lubell, Bernie",2009-2010,City Department : Laguna Honda : South Residence : L6 : East Wall,Untitled,,,,,,,,,
"Chamberlain, Ann and Lubell, Bernie",2009-2010,City Department : Laguna Honda : South Residence : L6 : Northwest Wall,Water,,,,,,,,,
"Chamberlain, Ann and Lubell, Bernie",2009-2010,City Department : Laguna Honda : North Residence : L6 : East Wall,Untitled,,,,,,,,,
"Chamberlain, Ann and Lubell, Bernie",1969,City Department : Laguna Honda Hospital : North and South Residences : L6,"Earth, Air, Fire, Water",,,,,,,,,
"Chamberlain, Ann and Lubell, Bernie",2009-2010,City Department : Laguna Honda : South Residence : L6 : Southeast Wall,Air,,,,,,,,,
"Chamberlain, Ann and Lubell, Bernie",2009-2010,City Department : Laguna Honda : North Residence : L6 : Southwest Wall,Fire,,,,,,,,,
"Chamberlain, Ann and Lubell, Bernie",2009-2010,City Department : Laguna Honda : North Residence : L6 : Northeast Wall,Earth,,,,,,,,,
"Chamberlain, Ann and Lubell, Bernie",2009-2010,City Department : Laguna Honda : North Residence : L6 : Northwest Wall,Water,,,,,,,,,
"Chamberlain, Ann and Lubell, Bernie",2009-2010,City Department : Laguna Honda : South Residence : L6 : Southwest Wall,Fire,,,,,,,,,
"Chamberlain, Ann and Lubell, Bernie",2009-2010,City Department : Laguna Honda : North Residence : L6 : Southeast Wall,Air,,,,,,,,,
"Champagne, Lee Roy",1969,City Department : DPT : Lombard and Fillmore Parking Garage,The Grail,,"Lombard St
",,,,,,,
"Cheng, Carl",1969,"Public Display : District 6 : Sheriff's Facility, 7th and Bryant",Heliostats,,,,,,,,,
"Chesse, Ralph A.",1969,Public Display : District 3 : Coit Tower,Children at Play,,,,,,,,,
"Choi, Man Lin",1982,"Public Display : District 3 : Ferry Park, Embarcadero",Movement: The First 100 Years,,,,,,,,,
"Chomenko, Mary",1989,Public Display : District 4 : Great Highway at Pacheco,Ocean Beach Fossil,Sunset,Great Highway Esplanade at Pacheco,,,,,,,
"Collins, Goto, Reiko",1969,City Department : PUC : San Andreas Water Ozonation Facility,Aqua Pura,,,,,,,,,
"Concha, Jerry",1969,"City Department : SFGH, rooftop",Roof Mural,,,,,,,,,
"Connor, Gerome",1969,"Public Display : District 1 : GGP, Music Concourse",Robert Emmet (1778-1803),,,,,,,,,
"Conrads, Carl H.",1969,"Public Display : District 1 : GGP, south side of JFK",General Henry W. Halleck (1815-1872),,,,,,,,,
"Corliss, Troy",2008,Public Display : District 8 : Upper Noe Recreation Center : 30th and Day Streets,Noe Valley Natives,Noe Valley,"Upper Noe Rec Center, Sanchez & Day",,,,,,,
"Coullaut-Valera, Frederico",1969,"Public Display : District 7 : Sunset Parking Lot, Sunset and Lake Merced",Statue of King Carlos III,,,,,,,,,
"Cravath, Dorothy and Forbes, Helen",1969,"Public Display : District 4 : SF Zoo, Mother's Building",Noah's Ark,,,,,,,,,
"Cravath, Ruth Wakefield",1969,Public Display : District 6 : City Hall,Mayor Alioto,,,,,,,,,
"Cravath, Ruth Wakefield",1969,"Public Display : District 10 : Candlestick Stadium gates, Jamestown Ave.",Saint Francis,,,,,,,,,
"Cravath, Ruth Wakefield",1969,Public Display : District 6 : City Hall,Angelo J. Rossi (1878-1948),,,,,,,,,
"Cronin, Don",1969,Public Display : District 6 : City Hall,Bust of Michael M. O'Shaugnessy,,,,,,,,,
"Crumpler, Dewey",1977,Airport : T1 Food Court,Untitled,SFO,"Terminal 1, pre-security",,,,,,,
"Crutcher, Colette and Barr, Aileen",2014,Public Display : District 4 : 16th Avenue,16th Avenue Tiled Steps Project,Bayview/Hunters Point,Innes Ave & Northridge Rd.,,,,,,,
Crutcher/Roller,1969,City Department : Oceanview Library,Art Panel,,,,,,,,,
"Crutcher, Collette",2000,"Public Display : District 11 : SFPL, OceanView : 345 Randolph St",Art Panels,Oceanview,"Oceanview Public Library, 345 Randolph St",,,,,,,
Crutcher/Roller,1969,City Department : Oceanview Library,Art Panel,,,,,,,,,
"Cummings, M. Earl",1969,"Public Display : District 4 : 19th Ave. at Ulloa, SW corner",Carl G. Larsen,,,,,,,,,
"Cummings, M. Earl",1969,"Public Display : District 1 : GGP, Music Concourse",Rideout Fountain,,,,,,,,,
"Cummings, M. Earl",1969,"Public Display : District 1 : GGP, Redwood Memorial Grove",Doughboy,,,,,,,,,
"Cummings, M. Earl",1969,"Public Display : District 1 : GGP, Music Concourse, east of deYoung",Pool of Enchantment,,,,,,,,,
"Cummings, M. Earl",1969,"Public Display : District 1 : GGP, Fulton at 8th Ave.",Bear and Lion,,"Fulton
",,,,,,,
"Cummings, M. Earl",1969,"Public Display : District 1 : GGP, JFK near 7th Ave.",Robert Burns (1759-1796),,,,,,,,,
"Cummings, M. Earl",1969,Public Display : District 3 : 870 Bush St.,Dennis T. Sullivan (1852-1906) Plaque,,870 Bush St,,,,,,,
"Cummings, M. Earl",1969,"Public Display : District 1 : GGP, Music Concourse, deYoung entrance",Sun Dial,,,,,,,,,
"Cummings, M. Earl",1969,Public Display : District 3 : Columbus Avenue at Powell and Union,Man Drinking Water,,,,,,,,,
"Cummings, M. Earl",ca. 1944,"Public Display : District 1 : GGP, south side of JFK at Rhod. Dell",John McLaren (1846-1943),,,,,,,,,
"Cuneo, Rinaldo",1969,Public Display : District 3 : Coit Tower,Bay Area Hills,,,,,,,,,
"Cunningham, Ben F.",1969,Public Display : District 3 : Coit Tower,Outdoor Life,,,,,,,,,
"Daub, Firmin, Hendrickson Sculpture Group",2008,Public Display : District 6 : City Hall : Supervisor's Rotunda,Harvey Milk Commemorative Bust,Civic Center,"City Hall, Supervisors Rotunda, 1 Dr. Carlton B. Goodlett Pl.",,,,,,,
"Davis, Michael and Schwartzenberg, Susan",2009,Public Display : District 8 : Harvey Milk Center for Recreational Arts : Duboce,"Homage to the Amateur; The American Dream, A Tribute to Harvey Milk; Bio/Obscura",Castro,"Harvey Milk Rec Center, 50 Scott St.",,,,,,,
"Davis, Ron",1978,Airport : Terminal 1 : Foodcourt,Twin Wave,SFO,"Terminal 1, pre-security",,,,,,,
"Davis, Ron",1978,Airport : Terminal 1 : Foodcourt,Wide Wave,SFO,"Terminal 1, pre-security",,,,,,,
"Dean, Mallette (Harold)",1969,Public Display : District 3 : Coit Tower,Stockbroker and Scientist-Inventor,,,,,,,,,
"Defeo, Jay",1974-1975,Museum : deYoung,Loop Series 4: Masquerade in Black,,,,,,,,,
"DeForest, Roy",1978,Airport : Terminal 2 : Gate 51A,Homage to Zane Grey,SFO,"Terminal 2, pre-security",,,,,,,
"Demetrios, Aristedes",1969,City Department : SFPD : Richmond Station : 6th Ave. and Anza : 7th Ave. Minipar,Red Gothic,,,,,,,,,
"Demetrios, Aristides",1969,Public Display : District 11 : CCSF : Phelan Campus : Administration Building,Sentinels,,,,,,,,,
"deSoto, Lewis",2004-2009,City Department : Laguna Honda Hospital : Link Building : L1,1994: Staff and Residentes Celebrate the Rededication of the Bell Tower,,,,,,,,,
"deSoto, Lewis",2004-2009,City Department : Laguna Honda Hospital : Link Building : L1,1974-1977: Gerald Simon Theater Entertains the Community,,,,,,,,,
"deSoto, Lewis",2000,"Airport : International Terminal, Arrivals",On The Air,SFO,"International Terminal, Arrivals Lobby Floor",,,,,,,
"deSoto, Lewis",2004-2010,City Department : Laguna Honda Hospital : Historic Lobby,1949-1958: Community Activities at Laguna Honda,,,,,,,,,
"deSoto, Lewis",2004-2009,City Department : Laguna Honda Hospital : Link Building : L1,1999: Proposition A for the Laguna Honda Project Gets 73% Voter Approval,,,,,,,,,
"deSoto, Lewis",2004-2010,City Department : Laguna Honda Hospital  : Historic Lobby,1947-1954: University of California . . .,,,,,,,,,
"deSoto, Lewis",2004-2009,City Department : Laguna Honda Hospital : Link Building : L1,1990-2000: Volunteers Contribute to Life at Laguna Honda,,,,,,,,,
"deSoto, Lewis",1969,Airport : IT : Boarding Areas A and G,"Shining Paths,San Francisco Sister Cities",,,,,,,,,
"deSoto, Lewis",1998,"City Department : Civic Center Courthouse, 400 McAllister : Jury Assembly Room :",Jury Assembly Room,Civic Center,"Civic Center Courthouse, Jury Assembly Room, lower level, 400 McAllister St.",,,,,,,
"deSoto, Lewis",2004-2010,City Department : Laguna Honda Hospital : Link Building : L1,Woven,Forest Hill,"Laguna Honda Hospital, 365 Laguna Honda",,,,,,,
"deSoto, Lewis",2004-2010,City Department : Laguna Honda Hospital : Historic Lobby,1929-1941: Patient Care During the Great Depression,,,,,,,,,
"deSoto, Lewis",2004-2009,City Department : Laguna Honda Hospital : Link Building : L1,1909: President Theodore Roosevelt Visits the Relief Home at Laguna Honda,,,,,,,,,
"deSoto, Lewis",2004-2009,City Department : Laguna Honda Hospital : Link Building : L1,1908: The Construction of Clarendon Hall,,,,,,,,,
"deSoto, Lewis",2004-2009,City Department : Laguna Honda Hospital : Link Building : L1,"1926: Mayor James Rolf, Jr. Dedicates the Laguna Honda Main Hospital Building",,,,,,,,,
"deSoto, Lewis",2004-2009,City Department : Laguna Honda Hospital : Link Building : L1,"1947-1954: University of California, San Francisco . . .",,,,,,,,,
"deSoto, Lewis",2004-2009,City Department : Laguna Honda Hospital : Link Building : L1,1929-1941: Patient Care During the Great Depression,,,,,,,,,
"deSoto, Lewis",2004-2009,City Department : Laguna Honda Hospital : Link Building : L1,1949-1958: Community Activities at Laguna Honda,,,,,,,,,
"deSoto, Lewis",2004-2009,City Department : Laguna Honda Hospital : Link Building : L1,1865-1906: The Foundation of the Almshouse and Relief Home at Laguna Honda,,,,,,,,,
"deSoto, Lewis",2004-2009,City Department : Laguna Honda Hospital : Link Building : L1,"1934-1954-1982: Glen Wessel's Murals are Created, Lost and Rediscovered",,,,,,,,,
"deSoto, Lewis",2004-2009,City Department : Laguna Honda Hospital : Historic Lobby,1908: The Construction of Clarendon Hall,,,,,,,,,
"deSoto, Lewis",2004-2009,City Department : Laguna Honda Hospital : Link Building : L1,"1954-1997: Virginia Leishman, Nursing Director",,,,,,,,,
"DeStaebler, Stephen",1969,"Public Display : District 11 : CCSF, Student Union",Fireplace and Hood,,,,,,,,,
"DeStaebler, Stephen",1986,"Public Display : District 6 : Ped. Plaza, north of Moscone Parking Garage",Man with Flame,SoMa,"Moscone Parking Garage, 3rd St. between Howard & Folsom",,,,,,,
"Deutsch, Richard",1988,Public Display : District 4 : Great Highway at Taraval,Propeller,Sunset,Great Highway Esplanade at Rivera,,,,,,,
"Di Colbertaldo, Vittorio",1969,Public Display : District 3 : Telegraph Hill,Christopher Columbus,,,,,,,,,
"Di Suvero, Mark",1995,"Public Display : District 6 : Embarcadero, north of Ballpark",Sea Change,Embarcadero,"South Beach Park, Embarcadero at Pier 30",,,,,,,
"Diebenkorn, Richard",1969,City Department : San Francisco International Airport  : John Martin's Office,Untitled,,,,,,,,,
"Diebenkorn, Richard",1969,City Department : San Francisco International Airport : John Martin's Office,Untitled,,,,,,,,,
"Diebenkorn, Richard",1969,City Department : San Francisco International Airport : John Martin's Office,Untitled,,,,,,,,,
"Diebenkorn, Richard",1969,City Department : San Francisco International Airport : John Martin's Office,Untitled,,,,,,,,,
"Dill, Laddie John",1977,Airport : Terminal 2 : Gate 59,Untitled,SFO,"Terminal 2, Gate 59",,,,,,,
"Dine, Jim",1969,"Public Display : District 6 : Convention Plaza Office Building, 3rd and Howard",Venus with Rope,,,,,,,,,
"Dixon, Maynard",1969,"Public Display : District 3 : 425 Mason St., Lobby",Landscape,,,,,,,,,
"Dixon, Willard",1979,Airport : Terminal 2 : South Arrival Lounge,Above Bolinas,SFO,"Terminal 2, pre-security",,,,,,,
"Dixon, Willard",1979,Airport : Terminal 2 : South Arrival Lounge,Death Valley II,SFO,"Terminal 2, pre-security",,,,,,,
"Donahue, Marcia",2000,Public Display : District 3 : Woh Hei Yeun Park : Powell St. Between Jackson and,Five Carved Stones,Chinatown,Woh Hei Yeun Park : Powell St. between Jackson and John St.,,,,,,,
"Donahue, Scott",,"City Department : Taraval Police Station, 2345 24th Ave., Community Room entrance","Kate, Allan, Javier, Ting, Sloanie",Sunset,"Taraval Police Station, 2345 24th Ave., Community Room entrance",,,,,,,
"Donahue, Scott",1969,Public Display : District 1 : Richmond Branch Library : 351 9th Ave.,Untitled [Richmond Library],,351 9th Ave,,,,,,,
"Donahue, Scott",1969,Public Display : Richmond Branch Library,To This Place,,,,,,,,,
"Dore, Paul Gustave",1877-1878,Public Display : District 1 : GGP : Music Concourse,La poeme de la vigne,,,,,,,,,
"Downie, Romana Anzi",1969,Public Display : District 6 : SFPL : History Center : 6th Floor,Bust of George Moscone,,,,,,,,,
"Dvortcsak, Michael",1985,Airport : Gates 81-83,Sublimens,SFO,"Terminal 3, Gates 81-83",,,,,,,
"Dwyer, Gary",1994,City Department : Mission Police Station : 630 Valencia Street : Lobby,Seven Dancing Stones and Seven Dancing Stars Stories,Mission,Mission Police Station : 630 Valencia Street : Lobby,,,,,,,
"Echelman, Janet",2011,Airport : Terminal 2 : Recomposure Area : Post-security,Untitled [T-2 interior],SFO,Terminal 2 : Recomposure Area : Post-security,,,,,,,
"Edstrom, David",1969,Public Display : District 7 : Laguna Honda Hospital,Florence Nightingale (1820-1910),,,,,,,,,
"Elliott, Lillian",1969,City Department : Dept. Social Services : 170 Otis St. : Elevator Lobby,Untitled,,,,,,,,,
"Erckenbrack, Mary E.",1969,Public Display : District 5 : Hamilton Rec. Center,Ceramic Mural on Athletics,,,,,,,,,
"Eversley, Frederick",1982,Airport : Boarding Area B,Untitled,SFO,"Terminal 1, Boarding Area B",,,,,,,
"Fernandez, Rudy",1985,Public Display : District 9 : Mission Rec. Center : 2450 Harrison St.,Mission Triptych #3,Mission,Mission Rec. Center : 2450 Harrison St.,,,,,,,
"Fernandez, Rudy",1985,Public Display : District 9 : Mission Rec. Center : 2450 Harrison St.,Mission Triptych #2,Mission,Mission Rec. Center : 2450 Harrison St.,,,,,,,
Fine and McCarren,2002,Public Display : District 4 : SF Zoo,Split Mound,Lake Merced,"SF Zoo, 1 Zoo Rd.",,,,,,,
"Finneran, Bean",2008,Public Display : District 7 : Junipero Serra Playground : Recreation Center,Untitled,Lake Merced,"Junipero Serra Playground : Rec Center, 300 Stonecrest Dr.",,,,,,,
"Fischer, R. M.",2003,Public Display : District 3 : Union Square,Union Square Colomnade,Union Square,"Union Square, Geary & Powell",,,,,,,
"Fleming, Alan",1991,"Public Display : District 1 : Kezar Stadium, N, S and West gates",Kezar Stadium Gates,Haight,"Kezar Stadium, N, S and West gates, Arguello at Lincoln Way",,,,,,,
"Fletcher, Harrell and Rubin, John",2002,"Public Display : District 3 : North Beach Parking Garage, 735 Vallejo","Photos of People from the Neighborhood Enlarged and Attached to the Building, an",North Beach,"North Beach Parking Garage, 735 Vallejo",,,,,,,
"Fletcher, Harrell and Rubin, John",2002,"Public Display : District 3 : North Beach Parking Garage, 735 Vallejo","Photos of People from the Neighborhood Enlarged and Attached to the Building, an",North Beach,"North Beach Parking Garage, 735 Vallejo",,,,,,,
"Fletcher, Harrell and Rubin, John",2002,"Public Display : District 3 : North Beach Parking Garage, 735 Vallejo","Photos of People from the Neighborhood Enlarged and Attached to the Building, an",North Beach,"North Beach Parking Garage, 735 Vallejo",,,,,,,
"Fletcher, Harrell and Rubin, John",2002,"Public Display : District 3 : North Beach Parking Garage, 735 Vallejo","Photos of People from the Neighborhood Enlarged and Attached to the Building, an",North Beach,"North Beach Parking Garage, 735 Vallejo",,,,,,,
"Fletcher, Harrell and Rubin, John",2002,"Public Display : District 3 : North Beach Parking Garage, 735 Vallejo","""Stenciled Fortunes"" within ""Photos of People from the Neighborhood enlarged and",North Beach,"North Beach Parking Garage, 735 Vallejo",,,,,,,
"Fletcher, Harrell and Rubin, John",2002,"Public Display : District 3 : North Beach Parking Garage, 735 Vallejo","Photos of People from the Neighborhood Enlarged and Attached to the Building, an",North Beach,"North Beach Parking Garage, 735 Vallejo",,,,,,,
"Fletcher, Harrell and Rubin, John",2002,"Public Display : District 3 : North Beach Parking Garage, 735 Vallejo","Photos of People from the Neighborhood Enlarged and Attached to the Building, an",North Beach,"North Beach Parking Garage, 735 Vallejo",,,,,,,
"Fletcher, Harrell and Rubin, John",2002,"Public Display : District 3 : North Beach Parking Garage, 735 Vallejo","Photos of People from the Neighborhood Enlarged and Attached to the Building, an",North Beach,"North Beach Parking Garage, 735 Vallejo",,,,,,,
"Fletcher, Harrell and Rubin, John",2002,"Public Display : District 3 : North Beach Parking Garage, 735 Vallejo","Photos of People from the Neighborhood Enlarged and Attached to the Building, an",North Beach,"North Beach Parking Garage, 735 Vallejo",,,,,,,
"Fletcher, Harrell and Rubin, John",2002,"Public Display : District 3 : North Beach Parking Garage, 735 Vallejo","Photos of People From the Neighborhood Enlarged and Attached to the Building, an",North Beach,"North Beach Parking Garage, 735 Vallejo",,,,,,,
"Fletcher, Harrell and Rubin, John",2002,"Public Display : District 3 : North Beach Parking Garage, 735 Vallejo","Photos of People From the Neighborhood Enlarged and Attached to the Building, an",North Beach,"North Beach Parking Garage, 735 Vallejo",,,,,,,
"Fletcher, Harrell and Rubin, John",2002,"Public Display : District 3 : North Beach Parking Garage, 735 Vallejo","Photos of People from the Neighborhood Enlarged and Attached to the Building, an",North Beach,"North Beach Parking Garage, 735 Vallejo",,,,,,,
"Fletcher, Harrell and Rubin, John",2002,"Public Display : District 3 : North Beach Parking Garage, 735 Vallejo","Photos of People from the Neighborhood Enlarged and Attached to the Building, an",North Beach,"North Beach Parking Garage, 735 Vallejo",,,,,,,
"Fletcher, Harrell and Rubin, John",2002,"Public Display : District 3 : North Beach Parking Garage, 735 Vallejo","Photos of People from the Neighborhood Enlarged and Attached to the Building, an",North Beach,"North Beach Parking Garage, 735 Vallejo",,,,,,,
"Fletcher, Harrell and Rubin, John",1998,,,Sunset,"MUNI platforms, L-Taraval Line, Sunset & 22nd Ave.",,,,,,,
"Francis, Sam",1980,Airport : T3 : Gates 82-83,Untitled,SFO,"Terminal 3, Gates 82-83, post-security",,,,,,,
"French, Daniel Chester",ca. 1892,"Public Display : District 1 : GGP, Music Concourse",Thomas Starr King (1824-1864),,,,,,,,,
"Frey, Viola",1999,"Airport : IT : Boarding Area A : Departures, A4",World Civilization,SFO,"International Terminal: Boarding Area A : Departures, A4",,,,,,,
"Frey, Viola",1987,Public Display : District 6 : Moscone Center,Exterior/Interior (Studio View),SoMa,Moscone Center: Mezzanine Level: Howard between 3rd & 4th St.,,,,,,,
"Fuller (Mcchesney), Mary",1984,Public Display : District 3 : Portsmouth Square,Lion,Chinatown,Portsmouth Square: Tot Lot: Lower level: Clay & Kearny St.,,,,,,,
"Fuller (Mcchesney), Mary",1984,Public Display : District 1 : Portsmouth Square,Serpent,,,,,,,,,
"Fuller (Mcchesney), Mary",1984,Public Display : District 3 : Portsmouth Square,Untitled,,,,,,,,,
"Fuller (Mcchesney), Mary",1984,Public Display : District 3 : Portsmouth Square,Dragon,,,,,,,,,
"Fuller (Mcchesney), Mary",1984,Public Display : District 3 : Portsmouth Square,Lion,,,,,,,,,
"Fuller (Mcchesney), Mary",1984,Public Display : District 3 : Portsmouth Square,Benches,,,,,,,,,
"Fuller (Mcchesney), Mary",1984,Public Display : District 3 : Portsmouth Square,Monkey,,,,,,,,,
"Fuller (Mcchesney), Mary",1984,Public Display : District 3 : Portsmouth Square,Rabbit,,,,,,,,,
"Fuller (Mcchesney), Mary",1984,Public Display : District 3 : Portsmouth Square,Serpent Wall,,,,,,,,,
"Fuller (Mcchesney), Mary",1984,Public Display : District 3 : Portsmouth Square,Ram,,,,,,,,,
"Fuller (Mcchesney), Mary",1984,Public Display : District 3 : Portsmouth Square,"Tiger, Ram, Serpent, Monkey, Rabbit, Dragon",,,,,,,,,
"Fuller, Mary",1969,Public Display : District 4 : Great Highway at Sloat,"Earth, Air, Sea",,,,,,,,,
"Fuller, Mary",1969,"City Department : SFGH, Courtyard #3",Dos Liones,,,,,,,,,
"Garcia, Rupert",1999,Airport : IT : Boarding Area G : Gate G102,Bird Technology,SFO,International Terminal: Boarding Area G : Gate G102,,,,,,,
"Garten, Cliff",2010,City Department : Laguna Honda Hospital : Link Building : L1,Laguna Line (The Possibility of the Everyday),Forest Hill,Laguna Honda Hospital: Link Building : L1 365 Laguna Honda,,,,,,,
"Garza, Carmen Lomas",2000,Airport : IT : Boarding Area G : Gate G93,Baile!,SFO,"International Terminal, Boarding Area G : Gate G93",,,,,,,
"Geefs, Guillaume",1969,"Public Display : District 1 : GGP, Music Concourse",Leonitus (Roman Gladiator),,,,,,,,,
"Genn, Nancy",1986,"Airport : Terminal 2, Medical Clinic",Evora 16,SFO,Terminal 2: Medical Clinic,,,,,,,
"Gilliam, Sam",1969,Public Display : Moscone Center : Mezzanine Level,Tholos Across,,,,,,,,,
"Gillman, Steve",1969,Public Display : District 3 : Embarcadero : Entrance to Pier 7,Bay Bench,,,,,,,,,
"Gillman, Steve",1969,Public Display : District 3 : Embarcadero : Entrance to Pier 7,Bay Bench,,,,,,,,,
"Gillman, Steve",1969,Public Display : District 3 : Embarcadero : Entrance to Pier 7,Bay Bench,,,,,,,,,
"Gillman, Steve and Keefer, Katherine",1969,Public Display : District 10 : Coffman Pool : 150 Hahn Street,The Swimmers,,,,,,,,,
"Glatt, Linnea",1969,City Department : Laguna Honda Hospital : Courtyard E,Re-connection/Re-cognition,,,,,,,,,
"Goggin, Brian",1969,"Public Display : District 9 : Mission at 29th, west side",Bed,,,,,,,,,
"Goggin, Brian",1969,"Public Display : District 9 : Mission at Valencia, east side",Grow,,,,,,,,,
"Goggin, Brian",1969,"Public Display : District 9 : Mission at Valencia, west side",Eat,,,,,,,,,
"Goggin, Brian",1969,"Public Display : District 9 : Mission at Valencia, west side",Feed,,,,,,,,,
"Goggin, Brian",1969,"Public Display : District 9 : Mission at Precitia, west side",Ballast,,,,,,,,,
"Goggin, Brian",1969,"Public Display : District 9 : Mission at Cortland, west side",Switch,,,,,,,,,
"Goggin, Brian",1969,Public Display : District 9 : Mission St. Sidewalk  : Between Precita and Cortla,Pavers,,,,,,,,,
"Goggin, Brian",1969,Public Display : District 9 : Mission St.,Road,,,,,,,,,
"Goggin, Brian",1969,"Public Display : District 9 : Mission at 30th, west side",Others,,,,,,,,,
"Goggin, Brian",1969,"Public Display : District 8 : Mission at Virginia, east side",Hunt,,"Mission at, Virginia
",,,,,,,
"Goggin, Brian and Keehn, Dorka",2008,Public Display : District 3 : Broadway and Columbus,Language of the Birds,,,,,,,,,
"Goldberg, Jim and Rubin, Jon",2008,Public Display : District 11 : Minnie and Lovie Ward Recreation Center : Capital,Imagine Even More,,,,,,,,,
"Gonzales, George",1995,City Department : SFGH : MHRF : Courtyard,Wu Xing Pavilion,Potrero Hill,"Mental Health Rehabilitation Facility, Courtyard, SF General Hospital,21st St. and Potrero Ave. - See more at: http://www.sfartscommission.org/pubartcollection/pubart-projects/2008/10/20/public-art-projects-list/#sthash.dHnr6QWX.dpuf",,,,,,,
"Gonzalez, Arthur",1969,City Department : Taraval Police Station : 2345 24th Ave. : Lobby,Peaceable Kingdom,,,,,,,,,
"Gordin, Sidney",1969,"Public Display : District 6 : Davies Hall, upper terrace",Untitled,,,,,,,,,
"Gordon, David and Shum, Hilda",,City Department : SFGH : Skilled Mental Health Nursing Facility : Day Rooms,Column Vistas,,,,,,,,,
"Grafly, Charles",1969,Public Display : District 1 : GGP : JFK at Stowe Lake Drive,Pioneer Mother,,,,,,,,,
"Graham, Cecelia",1969,City Department : Rec./Park : GGP : Nursery,The Dolphins,,,,,,,,,
"Graham, Gary W.",1969,City Department : SFPD : Northern Station,Police Shield,,,,,,,,,
"Greber, Henri Leon",ca. 1942,Public Display : District 3 : Huntington Park,Dancing Sprites,,,,,,,,,
"Grieve, Mark and Spector, Ilana",2010-2011,Public Display : District 10 : Visitacion Valley Library,Untitled ,,,,,,,,,
"Grossoni, Orazio",ca. 1914,"Public Display : District 1 : GGP, Music Concourse, South of Bandshell",Giuseppe Verdi,,,,,,,,,
"Hall, Diane Andrews",2010,City Department : Laguna Honda Hospital,Untitled [tapestries],,,,,,,,,
"Hall, Diane Andrews",2010,Laguna Honda : North Residence : L1 : Northwest Wall #2,Rollers,,,,,,,,,
"Hall, Diane Andrews",2010,Laguna Honda : North Residence : L1 : Northwest Wall,Goldfinch with Zinnia 2,,,,,,,,,
"Hall, Diane Andrews",2010,Laguna Honda : North Residence : L1 : Southeast Wall,Goldfinch 5,,,,,,,,,
"Hall, Diane Andrews",2010,Laguna Honda : North Residence : L1 : Northeast Wall,Bird and Poem,,,,,,,,,
"Hall, Diane Andrews",2010,Laguna Honda : North Residence : L1 : Southwest Wall #2,Swelling Cumulus,,,,,,,,,
"Hall, Diane Andrews",2010,Laguna Honda : North Residence : L1 : East Wall,Morning Light 2,,,,,,,,,
"Hall, Diane Andrews",2010,Laguna Honda : North Residence : L1 : Southwest Wall,Hermit Thrush 2,,,,,,,,,
"Hall, Parker",1969,Public Display : District 3 : Coit Tower,Collegiate Sports,,,,,,,,,
"Halprin, Lawrence",1975,Public Display : District 1 : UN Plaza,United Nations Plaza Fountain,,,,,,,,,
"Hamlin, Edith",1969,Storage : Airport,Map for the Pacific and Orient Steamship Lines,,,,,,,,,
"Hamlin, Edith",1969,Public Display : District 3 : Coit Tower,Hunting in California,,,,,,,,,
"Happersberger, Frank",1969,Public Display : District 1 : GGP : Conservatory lawn,James A. Garfield (1831-1881),,,,,,,,,
"Happersberger, Frank",1969,"Public Display : District 6 : McAllister St., between Asian Art Museum and Libra",Pioneer Monument  (James Lick Monument),,,,,,,,,
"Haring, Keith",2003(fabricated in 1989),"Public Display : District 6 : 4th and Howard, Moscone Center",Untitled (Three Dancing Figures),SoMa,"4th and Howard, Moscone Center",,,,,,,
"Harris, George",1969,Public Display : District 3 : Coit Tower,Banking and the Law,,,,,,,,,
"Hasson, Bruce",1969,"Public Display : District 6 : Father Boeddekker Park, Jones and Eddy",Ark (or Ark San Francisco),,,,,,,,,
"Hasson, Bruce",1969,City Department : DPT : Bush and Polk Parking Garage,Trolleys,,,,,,,,,
"Heavenston, Martha",1969,Public Display : District 5 : Tenderloin Rec. Center,a) Dancing in the Sea of Milk (woman); and b) African King with Animal Power (ma,,,,,,,,,
"Heavenston, Martha",1989,Public Display : District 6 : 6th and Folsom Rec. Center,A World View,SoMa,"6th and Folsom St., SoMa Rec. Center Playground",,,,,,,
"Hedrick, Wally",1969,Airport : Terminal 2 : North Arrivals Lounge,"17th December, 1903",,,,,,,,,
"Heffernon, Gerald",1969,Public Display : District 7 : Laguna Honda Hospital : Central quad,Rabbinoid on Cell Phone,,,,,,,,,
"Hesthal, William",1969,Public Display : District 3 : Coit Tower,Railroad and Shipping,,,,,,,,,
"Hesthal, William",1969,City Department : Civic Auditorium : Polk Hall,Untitled,,,,,,,,,
"Hiramoto, Judy",1986,Public Display : District 9 : Mission Rec. Center : 2450 Harrison St. : Courtyar,Animal Hopscotch,Mission,"2450 Harrison St, Mission Rec Center",,,,,,,
"Hoefer, Wade",1969,Airport : Terminal 2 : Gate 58 B,The Peasant's Parade,,,,,,,,,
"Hoff, Terry",2008-2009,City Department : Laguna Honda : South Residence : L2 : Northwest Wall #1,Untitled,,,,,,,,,
"Hoff, Terry",2008-2009,City Department : Laguna Honda : South Residence : L2 : Southwest Wall #1,Untitled,,,,,,,,,
"Hoff, Terry",2008-2009,City Department : Laguna Honda : North Residence : L2 : Northwest Wall #1,Untitled,,,,,,,,,
"Hoff, Terry",2008-2009,City Department : Laguna Honda : North Residence : L2 : Northeast Wall,Untitled (Chalkboards),,,,,,,,,
"Hoff, Terry",2008-2009,City Department : Laguna Honda : North Residence : L2 : Southwest Wall #2,Untitled (Chalkboards),,,,,,,,,
"Hoff, Terry",2008-2009,City Department : Laguna Honda : North Residence : L2 : Southwest Wall #1,Untitled,,,,,,,,,
"Hoff, Terry",2005-2010,City Department : Laguna Honda Hospital : North and South Residence : L2,Untitled,,,,,,,,,
"Hoff, Terry",2008-2009,City Department : Laguna Honda : North Residence : L2 : Northwest Wall #2,Untitled (Chalkboards),,,,,,,,,
"Hoff, Terry",2008-2009,City Department : Laguna Honda : South Residence : L2 : Southwest Wall #2,Untitled (Chalkboards),,,,,,,,,
"Hoff, Terry",2008-2009,City Department : Laguna Honda : South Residence : L2 : Northeast Wall,Untitled (Chalkboards),,,,,,,,,
"Hoff, Terry",2008-2009,City Department : Laguna Honda : South Residence : L2 : Northwest Wall #2,Untitled (Chalkboards),,,,,,,,,
"Hoff, Terry",2008-2009,City Department : Laguna Honda : South Residence : L2 : Southeast Wall,Untitled,,,,,,,,,
"Hoff, Terry",2008-2009,City Department : Laguna Honda : North Residence : L2 : East Wall,It's Always Time for Flowers,,,,,,,,,
"Hoff, Terry",2008-2009,City Department : Laguna Honda : South Residence : L2 : Dining Wall,Untitled (Chalkboard),,,,,,,,,
"Hoff, Terry",2008-2009,City Department : Laguna Honda : South Residence : L2 : East Wall,It's Always Time for Flowers,,,,,,,,,
"Holland, Tom",1981,Public Display : District 6 : Moscone Center : Mezzanine Level,Morengo,SoMa,"Moscone Center : Mezzanine Level, Howard & 3rd St.",,,,,,,
"Hollis, Douglas",1995,City Department : Sheriff's Facility : 7th St. and Bryant : Exterior and Roof,Ceramic Frit Windows and Mechanical Screens,SoMa,Sheriff's Facility : 7th St. and Bryant : Exterior and Roof,,,,,,,
"Houdon, Jean Antoine",1969,Public Display : District 1 : Washington High School,George Washington,,,,,,,,,
"Howard, John Langley",1969,Public Display : District 3 : Coit Tower,California Industrial Scenes,,,,,,,,,
"Howard, Mildred",2000,Airport : IT : Boarding Area A : Gate A2,Salty Peanuts,SFO,International Terminal : Boarding Area A : Gate A2,,,,,,,
"Howard, Robert B.",1939,Storage : District 11 : CCSF : Phelan Campus : Judson Avenue Lot,Whales,,,,,,,,,
"Hsu, Joyce",2008,Airport : International terminal : Gate A-3,Namoo House,SFO,International terminal : Gate A-3,,,,,,,
"Hsu, Joyce",2006,Public Display : District 1 : Argone Playground : 18th Ave. and Anza,Incomplete Metamorphosis,Richmond,Argone Playground : 18th Ave. and Anza,,,,,,,
"Huang, Arlan",1969,City Department : Laguna Honda : North Residence : L4 : East Wall,Untitled [glass panels],,,,,,,,,
"Huang, Arlan",1969,City Department : Laguna Honda : Link Building : L1 : West and south walls,Untitled,,,,,,,,,
"Huang, Arlan",1969,City Department : Laguna Honda : Link Building : L1 : West and south walls,Untitled,,,,,,,,,
"Huang, Arlan",1969,City Department : Laguna Honda : Link Building : L1 : West and south walls,Untitled,,,,,,,,,
"Huang, Arlan",1969,City Department : Laguna Honda : North Residence : L4 : Northwest Wall,Untitled [glass panels],,,,,,,,,
"Huang, Arlan",1969,City Department : Laguna Honda : Link Building : L1 : West and south walls,Untitled [glass block windows],,,,,,,,,
"Huang, Arlan",1969,City Department : Laguna Honda : North Residence : L4 : Northeast Wall,Untitled [glass panels],,,,,,,,,
"Huang, Arlan",1969,City Department : Laguna Honda : Link Building : L1 : West and south walls,Untitled,,,,,,,,,
"Huang, Arlan",1969,City Department : Laguna Honda : North Residence : L4 : Southwest Wall,Untitled [glass panels],,,,,,,,,
"Huang, Arlan",1969,City Department : Laguna Honda : North Residence : L4 : Southeast Wall,Untitled [glass panels],,,,,,,,,
"Huang, Arlan",1969,City Department : Laguna Honda : South Residence : L4 : Northwest Wall,Untitled [glass panels],,,,,,,,,
"Huang, Arlan",1969,City Department : Laguna Honda : South Residence : L4 : Northeast Wall,Untitled [glass panels],,,,,,,,,
"Huang, Arlan",1969,City Department : Laguna Honda : South Residence : L4 : Southeast wall,Untitled [glass panels],,,,,,,,,
"Huang, Arlan",1969,City Department : Laguna Honda : South Residence : L4 : Southwest Wall,Untitled [glass panels],,,,,,,,,
"Huang, Arlan",1969,City Department : Laguna Honda : South Residence : L4 : East Wall,Untitled [glass panels],,,,,,,,,
"Huang, Arlan",1969,City Department : Laguna Honda Hospital : North and South Residences : L4,Untitled [glass panels],,,,,,,,,
"Hudson, Robert",1969,Airport : T3 : Level 2 : T2 connector,A Horse of Another Color,,,,,,,,,
"Hung, Su-Chen",1969,"Airport : International Terminal, Immigration Area",Welcome,,,,,,,,,
Hunter and Ghidini,1969,"Public Display : District 7 : Muni Platform, 19th Ave. at Holloway",19th Avenue Shelter at Winston Drive,,,,,,,,,
Hunter and Ghidini,1969,"Public Display : District 7 : Muni Platform, 19th Ave. at Holloway",19th Avenue Shelter at Holloway Avenue,,,,,,,,,
"Huntington, Clara",1969,"Public Display : District 1 : GGP: Arboretum, Fragrance Garden",St. Francis of Assisi (Feeding the Birds),,,,,,,,,
"Igarashi, Takenobu",1969,City Department : Laguna Honda : Link : Mezzanine : Dining Room,Landscape,,,,,,,,,
"Igarashi, Takenobu",1969,City Department : Laguna Honda : Link : Mezzanine : Living Room,Landscape,,,,,,,,,
"Igarashi, Takenobu",1969,City Department : Laguna Honda : North Residence : Mezzanine : Southeast Wall,Untitled [ceramic relief],,,,,,,,,
"Igarashi, Takenobu",1969,City Department : Laguna Honda : North Residence : Mezzanine : Southwest Wall #1,Untitled [wood relief],,,,,,,,,
"Igarashi, Takenobu",1969,City Department : Laguna Honda : North Residence : Mezzanine : Northwest Wall #2,Untitled [wood relief],,,,,,,,,
"Igarashi, Takenobu",1969,City Department : Laguna Honda : North Residence : Mezzanine : Northwest Wall #1,Untitled [wood relief],,,,,,,,,
"Igarashi, Takenobu",1969,City Department : Laguna Honda Hospital,Horizontal Feeling,,,,,,,,,
"Igarashi, Takenobu",1969,City Department : Laguna Honda : North Residence : Mezzanine : Northeast Wall,Untitled [ceramic relief],,,,,,,,,
"Igarashi, Takenobu",1969,City Department : Laguna Honda : North Residence : Mezzanine : East Wall,Untitled [ceramic relief],,,,,,,,,
"Igarashi, Takenobu",1969,City Department : Laguna Honda Hospital,Sky Dancing,,,,,,,,,
"Igarashi, Takenobu",1969,City Department : Laguna Honda : North Residence : Mezzanine : Southwest Wall #2,Untitled [wood relief],,,,,,,,,
"Ilyin, Peter",1969,Federal Home Loan Bank of San Francisco  : 600 California St.,Untitled Mural,,600 California St,,,,,,,
"Ilyin, Peter",1969,Federal Home Loan Bank of San Francsico : 600 California,Untitled Mural,,600 California St,,,,,,,
"Jauchen, Hans",1929,"Public Display : District 1 : GGP, JFK at Great Highway",Roald Amundsen (1872-1928),,,,,,,,,
Joesam.,1969,San Francisco Mission District Juvenile Facility,Hope Flight,Mission,3401 17th Street,,,,,,,
Joesam.,1969,San Francisco Mission District Juvenile Facility,Hope Flight,Mission,3401 17th Street,,,,,,,
Joesam.,1969,San Francisco Mission District Juvenile Facility,Hope Flight,Mission,3401 17th Street,,,,,,,
Joesam.,1969,San Francisco Mission District Juvenile Facility,Hope Flight,Mission,3401 17th Street,,,,,,,
Joesam.,1969,San Francisco Mission District Juvenile Facility,Hope Flight,Mission,3401 17th Street,,,,,,,
Joesam.,1969,Public Display : District 6 : Tenderloin Rec. Center : 570 Ellis : Front Fence,Folks in the 'Hood,Mission,,,,,,,,
Joesam.,1969,San Francisco Mission District Juvenile Facility,Hope Flight,Mission,3401 17th Street,,,,,,,
Joesam.,1969,San Francisco Mission District Juvenile Facility,Hope Flight,Mission,3401 17th Street,,,,,,,
Joesam.,1969,San Francisco Mission District Juvenile Facility,Hope Flight,Mission,3401 17th Street,,,,,,,
Joesam.,1969,San Francisco Mission District Juvenile Facility,Hope Flight,Mission,3401 17th Street,,,,,,,
Joesam.,1969,San Francisco Mission District Juvenile Facility,Hope Flight,Mission,3401 17th Street,,,,,,,
Joesam.,1969,San Francisco Mission District Juvenile Facility,Hope Flight,Mission,3401 17th Street,,,,,,,
Joesam.,1969,San Francisco Mission District Juvenile Facility,Hope Flight,Mission,3401 17th Street,,,,,,,
Joesam.,1969,Public Display : District 10 : MLK Pool,Wade in Water,,3401 17th Street,,,,,,,
Joesam.,1969,San Francisco Mission District Juvenile Facility,Hope Flight,Mission,3401 17th Street,,,,,,,
Joesam.,1969,San Francisco Mission District Juvenile Facility,Hope Flight,Mission,3401 17th Street,,,,,,,
Joesam.,1969,San Francisco Mission District Juvenile Facility,Hope Flight,Mission,3401 17th Street,,,,,,,
Joesam.,1969,San Francisco Mission District Juvenile Facility,Hope Flight,Mission,3401 17th Street,,,,,,,
Joesam.,1969,San Francisco Mission District Juvenile Facility,Hope Flight,Mission,3401 17th Street,,,,,,,
Joesam.,1969,Public Display : District 8 : Mission District Police Station : JuvenileFacility,Hope Flight,Mission,,,,,,,,
"Johanson, Patricia",,City Department : DPW/PUC : Sunnydale Pump Station,Endangered Garden,,,,,,,,,
"Johnson, Amana",2007-2008,Public Display : District 10 : Joseph Lee Recreation Center : 1395 Mendell Stree,Time to Dream,,,,,,,,,
"Jurs, Shelley",1969,City Department : Richmond Police Station : 6th Ave. and Anza : Front Door and T,Good Luck Piece,,,,,,,,,
"Kadish, Ruben",1969,"Public Display : District 6 : Civic Auditorium, Larkin Hall",Untitled,,,,,,,,,
"Kahn, Ned",2002,"Airport : Concourse H, BART",Wind Portal,SFO,"Concourse H, BART",,,,,,,
"Kahn, Ned",1969,"City Department : County Jail, San Bruno : Skyline Blvd. and Longview Dr.",The Greenhouse Project,,"San Bruno : Skyline Blvd
",,,,,,,
"Kang, Ik-Joong",1969,Airport : IT : Departures,Gateway,,,,,,,,,
"Katano, Marc",1969,Airport : Terminal 2 : Ticketing Lobby : Connector to Terminal 1,Greeting a Totem,,,,,,,,,
"Katano, Marc",1969,Airport : Terminal 2 : Ticketing Lobby : Connector to Terminal 1,Torso,,,,,,,,,
"Kelly, Lee",1969,Public Display : District 10 : Candlestick Stadium,Gate F Sculpture,,,,,,,,,
"Kennedy, Deborah",1969,Public Display : District 8 : Sunnyside Playground,Solar Sight,,,,,,,,,
"Kim, Cheonae",1969,Public Display : District 7 : Laguna Honda Hospital : Aqua Therapy Room : North,somewhere,,,,,,,,,
"Kirkland, Larry",1987,Airport : T1 : Boarding Area B,Flight Patterns,SFO,Terminal 1 : Boarding Area B,,,,,,,
"Kitundu, Walter",2011,Airport : Terminal 2 : Between Gates 54A and 54B,San Francisco Bay Area Bird Encounters,SFO,Terminal 2 : Between Gates 54A and 54B,,,,,,,
"Klotz, Werner",2004,Airport : IT : Departures,Anemone,SFO,International Terminal : Departures,,,,,,,
"Kogure, Kimiko",1969,Public Display : District 7 : Miraloma Field House : Omar and Sequoia Streets :,Miraloma Fieldhouse Bathrooms,,"Miraloma Field House : Omar
",,,,,,,
"Kogure, Kimiko",1969,"Public Display : District 4 : Stern Grove, Trocadero Clubhouse",Stern Grove Trocadero Clubhouse,,,,,,,,,
"Koloski, Vince",1969,"Public Display : District 10 : Mission Bay Library, 960 4th Street",A Library Book,,,,,,,,,
"Kopecek, Vera",1969,Airport : South Terminal : Boarding Area A,Flight Thrills,,,,,,,,,
"Kozloff, Joyce",1969,Airport : IT : South Pedestrian Bridge,"Bay Area Victorian, Bay Area Deco, Bay Area Funk",,,,,,,,,
"Kricken, John and Rolph",1969,"Public Display : District 1 : GGP, JFK at Great Highway",Amundsen Historical Plaque,,,,,,,,,
"Kunishima, Seiji",1983,Airport : Terminal 2 : Ticketing Lobby : Connector to Terminal 1,Stacking Stones,SFO,Terminal 2 : Ticketing Lobby : Connector to Terminal 1,,,,,,,
"Labaudt, Lucien",1969,"Public Display : District 1 : GGP, Beach Chalet",People and Places of San Francisco,,,,,,,,,
"Labaudt, Lucien",1969,"Public Display : District 1 : Washington High School, Library",Advancement of Learning through the Printing Press,,,,,,,,,
"Labaudt, Lucien",1969,Public Display : District 3 : Coit Tower,Powell Street,,,,,,,,,
"Lands, Christine Marie",1984,"Public Display : District 1 : Presidio Library, reading room",Before the Revolution,,,,,,,,,
"Lane, Christopher",1969,Airport : T3 : Mezzanine,Night Passage,,,,,,,,,
"Langdon, Gordon",1969,Public Display : District 3 : Coit Tower,California Agricultural Industry,,,,,,,,,
"Leong, James",1969,"Public Display : District 3 : Chinese Cultrural Center, 750 Kearney",100 Years of Progress of Chinese in America,,,,,,,,,
"Leong, Lampo",1969,Public Display : District 3 : Woh Hei Yuen Park : Powell St. Between Jackson and,Tectonic Melange,,,,,,,,,
"Lerner, Leslie",1969,Airport : T1 : Delta Connector,The Smile of Reason,,,,,,,,,
"Lieb, Reddy and Raynsford, Linda",1969,Public Display : District 8 : Glen Park branch Library : 2825 Diamond St.,Six Degrees,,2825 Diamond St,,,,,,,
"Lin, Maya",2009-2010,Museum : California Academy of Science,What's Missing,,,,,,,,,
"Lin, Maya",1969,Museum : GGP : CA Academy of Sciences : West patio,Where the Land Meets the Sea,,,,,,,,,
"Liu, Hung",2006-2008,Airport : International Terminal : Gate A-5,Take Off,SFO,International Terminal : Gate A-5,,,,,,,
"Liu, Hung",1992,"Public Display : District 6 : Moscone Center, Esplanade",Map No. 33,SoMa,"Moscone Center, Esplanade, Howard & 3rd St.",,,,,,,
Living Lenses (Po Shu Wang & Loui,2004-2010,City Department : Laguna Honda Hospital : Courtyard J,NEVERODDOREVEN,,,,,,,,,
"Loarca, Carlos",1978,Airport : T3 : Boarding Area E,Angulos en Todas Direciones,,,,,,,,,
"Loarca, Carlos",1969,City Department : SFGH : 3rd floor courtyard,Connecting Mural Bands,,,,,,,,,
"Loarca, Carlos",1969,Airport : T3 : Boarding Area E,Angulos en Todas Direciones,SFO,Terminal 3 : Boarding Area E,,,,,,,
"Ludwig, Helen",1969,"City Department : SFGH, Building 10, Ward 13",Untitled,,,,,,,,,
"Ludwig, Helen",1989,City Department : DPW : Recreation Center for the Handicapped : 101 Grove,One Step at a Time,Civic Center,"Department of Public Health, 101 Grove",,,,,,,
"MacDonald, Robert",1969,Public Display : District 6 : City Hall,Willie L Brown Bust,,,,,,,,,
Mandel and Sultan,1969,Airport : IT : Boarding Area A : Gate A7,Waiting,,,,,,,,,
"Mangrum, Joe",2002,Public Display : District 9 : Mission and 22nd St. : NE and SW Corners,Layla,Mission,Mission and 22nd St. : NE and SW Corners,,,,,,,
"Mangrum, Joe",2002,Public Display : District 9 : Mission and 22nd St. : NE and SW Corners,Swing Daddy,Mission,Mission and 22nd St. : NE and SW Corners,,,,,,,
"Manwaring, Michael",1996,Public Display : District 3 : Embarcadero,Historic Signage Project,Embarcadero,Embarcadero between Bay and King Streets,,,,,,,
"Margrill, Anita and Nagasawa, Nobuho",2007-2008,Public Display : District 10 : Metro East Vehicles Operation and Maintenance Fac,Blueprints,,,,,,,,,
"Marie-Rose, Henri",1969-1970,City Department : DPW : Health Center : Irving and 24th Ave.,Sailor and Mermaid,,"DPW : Health Center : Irving
",,,,,,,
"Marie-Rose, Henri",1969,City Department : Firehouse #13,Untitled,,,,,,,,,
"Marini, Marino",ca. 1966,Public Display : District 3 : Golden Gateway Plaza,Bronze Horse,,,,,,,,,
Mark/Charlie Evans/Brown,1969,"City Department : SFPL, Main Branch",Into the Light,Civic Center,"SF Public Library, Main : 100 Larkin",,,,,,,
"Marsh, Thomas",1969,"Public Display : District 3 : Portsmouth Square, upper level",Goddess of Democracy,,,,,,,,,
"Martin, Fran",1985,Airport : T2 : Boarding Area C : Gate 44,Petanque et St-Savin IV,SFO,Terminal 2 : Boarding Area C : Gate 44,,,,,,,
"Martin, Fran",1969,City Department : DPW/PUC : Griffith Pump Station : 1601 Griffith St.,Ndebele,,1601 Griffith St,,,,,,,
"Martin, Vance",1969,Airport : Terminal 2 : North Arrivals Lounge,Untitled,SFO,Terminal 2 : North Arrivals Lounge,,,,,,,
"Martinez, Julian",1969,"Public Display : District 7 : Sunset Circle parking Lot, Sunset and Lake Merced",Juan Bautista de Anza,,,,,,,,,
"McDonnell, Mark",1969,Public Display : District 7 : Fire Station #39 : North Facade,Glass Rondella,,,,,,,,,
"McDonnell, Mark",1969,City Department : Firestation #39 : 1091 Portola,Glass Rondella,,,,,,,,,
"McQuarrie, J.",ca. 1927,"Public Display : District 1 : GGP, south side of JFK",Father William D. McKinnon ( -1902),,,,,,,,,
METAL,1969,Public Display : District 6 : Stuart Street,International Longshoremen's & Warehousemen's Union Memorial (ILWU),,,,,,,,,
"Montoya, Emmanuel C.",1969,Public Display : District 9 : Mission Library,"Deities of Knowledge, Culture and Literature",,,,,,,,,
"Moore, Henry",?,Public Display : District 3 : Golden Gateway Plaza,Standing Figure Knife Edged- Winged Figure,,,,,,,,,
"Moore, Henry",1969,"Public Display : District 6 : Civic Center, Grove and Van Ness",Large Four Piece Reclining Figure,,,,,,,,,
"Mora, Joseph Jacinto",1969,"Public Display : District 1 : GGP, Music Concourse",Miguel Cervantes (1547-1616),,,,,,,,,
"Moxom, Jack",1969,Public Display : District 1 : GGP : Children's Playground : west of carousel,Sarah B. Cooper Memorial,,,,,,,,,
"Moya Del Pino, Jose",1969,Public Display : District 5 : African American Art and Culture Complex : Fulton,Murals for Acme Beer Company,,"African American Art
",,,,,,,
"Moya Del Pino, Jose",1969,Public Display : District 3 : Coit Tower,"San Francisco Bay, North",,,,,,,,,
"Mullican, Lee",1969,Airport : Terminal 2 : Ticketing Lobby : Connector to Terminal 3,The Great Transparents,,,,,,,,,
"Murrill, Gwyn",1969,"Public Display : District 4 : SF Zoo, main entrance",Tiger II,,,,,,,,,
"Murrill, Gwyn",1996-2002,"Public Display : District 4 : SF Zoo, main entrance",Cougar III,,,,,,,,,
"Murrill, Gwynn",1969,Public Display : District 7 : Zoo : Animal Resource Center,Hawk V,,,,,,,,,
"Neri, Manuel",1969,Public Display : District 6 : Moscone Center,Untitled Proposal,,,,,,,,,
"Neri, Manuel",1969,Airport : T1 : Boarding Area C : Gate 46,Mujer Pagada No.4,,,,,,,,,
"Newman, Ruby",1969,City Department : SFGH,Children's Mural,,,,,,,,,
"Noguchi, Isamu",1969,Airport : T1 : Boarding Area C : Gate 45,Figure,,,,,,,,,
"Novak, Stephen",1978,"Public Display : District 10 : 22nd St., between Indiana and Minnesota",Untitled,,,,,,,,,
"O'banion, Nance",1969,Airport : T3 : Gate 81,Billboard Series: Exploded Transverse with no Nuggies,,,,,,,,,
"O'Day, Ruth",1969,"Public Display : District 6 : Tenderloin Children's Playground, Turk and Hyde",Guardian Serpent,,,,,,,,,
"Olaguibel, Juan",1969,Public Display : District 8 : Dolores Park : Church St. at 19th St.,Miguel Hidalgo Y Costilla,,"Dolores Park : Church St
",,,,,,,
"Oldfield, Otis",1969,Public Display : District 3 : Coit Tower,San Francisco Bay,,,,,,,,,
"Oldfield, Otis",1969,Public Display : District 3 : Coit Tower,Seabirds and Bay Area Map,,,,,,,,,
"Olmsted, Frederick Law",1969,Public Display : District 8 : CCSF : Ocean Campus,Leonardo da Vinci,,,,,,,,,
"Olmsted, Frederick Law Jr.",1969,Public Display : District 8 : CCSF : Ocean Campus : Science Building Esplanade,Edison,,,,,,,,,
"Olmsted, Jr., Frederick Law",1969,Public Display : District 3 : Coit Tower,Power,,,,,,,,,
"Olmsted, Jr., Frederick Law",1969,Public Display : District 8 : CCSF : Ocean Campus : Science Building : Lobby,Education (Theory and Science),,,,,,,,,
"Oropallo, Deborah",2004-2005,Public Display : District 6 : City Hall,Love + Marriage,,,,,,,,,
"Overhoff, Jacques",1969,City Department : Dept. Social Services : 170 Otis. St. : Building Facade,Untitled,,,,,,,,,
"Overhoff, Jacques",1969,City Department : SFPL : Bayview Branch : Exterior,Untitled,,1601 Lane St,,,,,,,
"Overhoff, Jacques",1969,"Public Display : District 11 : CCSF, Phelan Campus",Sculpture Garden,,,,,,,,,
"Ozan, Pepe",1969,Public Display : District 9 : Adjacent to C. Chavez bicycle overpass,Invocation,,,,,,,,,
"Paitigan, Haig",1969,Public Display : District 6 : City Hall,Edward Robeson Taylor (1838-1923),,,,,,,,,
"Paley, Albert",1998,"Public Display : District 6 : Civic Center Courthouse, 400 McAllister",Courthouse Entry Doors,Civic Center,"Civic Center Courthouse: Courthouse Entry, 400 McAllister",,,,,,,
"Parhad, Fred",1969,Public Display : District 6 : Fulton St. between Polk and Larkin,Ashurbanipal,,,,,,,,,
"Patigian, Haig",1969,Public Display : District 3 : Market and Kearny,Luisa Tetrazzini (1874-1940) Plaque,,,,,,,,,
"Patigian, Haig",1969,Public Display : District 3 : Washington Square Park,Volunteer Fireman Memorial,,,,,,,,,
"Patigian, Haig",1969,Public Display : District 1 : Lincoln Park,Raphael Weill (1837-1920) Plaque,,,,,,,,,
"Patigian, Haig",1969,"Public Display : District 6 : City Hall, 1st Floor",James D. Phelan (1861-1930),,,,,,,,,
"Patigian, Haig",1969,Public Display : District 1 : GGP : Music Concourse,General John J. Pershing (1860-1948),,,,,,,,,
"Patigian, Haig",1969,Public Display : District 2 : Marina Green,William C. Ralston (1826-1875) Monument,,,,,,,,,
"Patigian, Haig",1969,"Public Display : District 6 : Outside City Hall, Polk St.",Abraham Lincoln (1809-1865),,,,,,,,,
"Patigian, Haig",1969,"Public Display : District 6 : City Hall, 1st Floor","James Rolph, Jr. (1869-1934)",,,,,,,,,
"Patigian, Haig",1969,"Public Display : District 6 : City Hall, east lobby",Frederick Funston (1865-1917),,,,,,,,,
"Patlan, Eduardo and Pineda, Ray",2000,"Public Display : District 10 : Jose Coronado Playground, Folsom and 21st St.",Raizes/Roots,Mission,"Jose Coronado Playground, Folsom and 21st St.",,,,,,,
"Paunov, Zlatko",1969,Public Display : District 3 : Ferry Plaza,Mohandas K. Gandhi,,,,,,,,,
"Perry, Charles O.",?,Public Display : District 3 : Golden Gateway Plaza,Bronze Icosahedron,,,,,,,,,
"Perry, R. Hinton",1969,Public Display : District 1 : GGP : Music Concourse,Lion,,,,,,,,,
"Piazzoni, Gottardo Fidele Ponziano",1969,de Young Museum,The Land,,,,,,,,,
"Piazzoni, Gottardo Fidele Ponziano",1969,de Young Museum,The Sea,,,,,,,,,
"Piazzoni, Gottardo Fidele Ponziano",1932,Museum : deYoung Museum,Night,,,,,,,,,
"Piazzoni, Gottardo Fidele Ponziano",1932,de Young Museum,The Mountains,,,,,,,,,
"Piazzoni, Gottardo Fidele Ponziano",1969,de Young Museum,The Land,,,,,,,,,
"Piazzoni, Gottardo Fidele Ponziano",1932,de Young Museum,The Forests,,,,,,,,,
"Piazzoni, Gottardo Fidele Ponziano",1969,de Young Museum,The Sea,,,,,,,,,
"Piazzoni, Gottardo Fidele Ponziano",1969,de Young Museum,The Sea,,,,,,,,,
"Piazzoni, Gottardo Fidele Ponziano",1969,de Young Museum,The Sea,,,,,,,,,
"Piazzoni, Gottardo Fidele Ponziano",1969,de Young Museum,The Land,,,,,,,,,
"Piazzoni, Gottardo Fidele Ponziano",1969,de Young Museum,The Sea,,,,,,,,,
"Piazzoni, Gottardo Fidele Ponziano",1969,de Young Museum,The Land,,,,,,,,,
"Piazzoni, Gottardo Fidele Ponziano",1969,de Young Museum,The Land,,,,,,,,,
"Pijoan, Irene",2007,"Public Display : District 6 : Victoria Manalo Park, SOMA",Untitled,SoMa,"Victoria Manalo Draves Park, 1025 Folsom Street at Sherman",,,,,,,
Po Shu Wang,1969,Public Display : District 10 : 788 Wisconsin St.,Scaling Harmonics,,788 Wisconsin St,,,,,,,
Po Shu Wang,1969,Public Display : District 5 : Octavia Blvd. between Market Street and Hayes Gree,Ghinlon/Transcope,,,,,,,,,
"Poethig, Johanna",1969,Public Display : District 6 : Tenderloin Tenderloin Children's Recreation Center,Epic; Prediction; Gameboard; and H20,,,,,,,,,
"Poethig, Johanna",1969,Public Display : District 6 : Tenderloin Rec. Center : Jones and Eddy,Flying Dragon-Snake-Monkey-Bird,,,,,,,,,
"Polk, James",1969,Public Display : District 6 : Hoff Street Garage,Untitled,,,,,,,,,
"Pomodoro, Arnaldo",1969,Airport : Terminal 2 : Stairway from Arrivals to Departures,Cilindro Costruito,,,,,,,,,
"Porter, Bruce",1969,Public Display : District 3 : Portsmouth Square : NW Corner,Robert Louis Stevenson (1850-1894) Memorial,,,,,,,,,
"Potts, Don",1969,Public Display : District 6 : City Hall : South Light Court,Hallidie Building,,,,,,,,,
"Potts, Don",1969,Public Display : District 6 : City Hall : South Light Court,Pylon of the Golden Gate Bridge,,,,,,,,,
"Potts, Don",1969,Public Display : District 6 : City Hall : South Light Court,City Hall Dome,,,,,,,,,
"Potts, Don",1969,Public Display : District 6 : City Hall : South Light Court,"San Francisco Victorian, Italianate Style",,,,,,,,,
"Powell, Eric",1969,Public Display : District 7 : Ingleside Branch Library : Ocean Avenue at Plymout,Ocean Current,,,,,,,,,
Precitia Eyes muralists,1969,Public Display : District 6 : 150 Otis Street,The Flower Inside Us Grows,,,,,,,,,
"Preston, Anne",1969,Airport : IT : Concourse A : Arrivals Corridor,You Were in Heaven,,,,,,,,,
"Preston, Anne",1969,Public Display : District 6 : Civic Center : Courthouse,Family Court Waiting Area,,,,,,,,,
"Puccienlli, Raymond",1969,Public Display : District 3 : Telegraph Hill : Lombard Street,Guglielmo Marconi (1874-1937) Memorial Plaque,,,,,,,,,
"Puccinelli, Raimondo(Raymond)",1969,"City Department : SFGH, Cafeteria patio",American Bison--Buffalo,,,,,,,,,
"Putnam, Arthur",1969,"Public Display : District 1 : GGP, Music Concourse",Sphinx,,,,,,,,,
"Putnam, Arthur",1969,Public Display : District 6 : Market Street,The Winning of the West,,,,,,,,,
"Qizhan, Zhu",1969,Museum : Asian Art Museum,Grapevine,,,,,,,,,
"Quagliata, Narcissus",1973,City Department : Bayview Health Center,Untitled,,,,,,,,,
"Quagliata, Narcissus",1993,City Department : DPT : Mission Parking Garage,Oracle,SoMa,"Fifth and Mission Parking Garage, 833 Mission St",,,,,,,
"Quagliata, Narcissus",33m 10s,Public Display : District 3 : North Shore Pump Station : Embarcadero & Kearny St,Untitled,Embarcadero,North Shore Pump Station : Embarcadero & Kearny St,,,,,,,
"Quilici, Gladys Nevada",1969,Public Display : District 3 : Columbus Avenue at Union and Powell,Frank Marini (1862-1952),,,,,,,,,
"Ramirez, Robert",1969,Airport : Terminal 2 : Gate 58A,Urns,,,,,,,,,
Rebar Group,1969,Public Display : Leland Ave. and Bayshore Blvd.,Street Life,,"Leland Ave
",,,,,,,
"Reed, Michael John",1969,Public Display : District 6 : City Hall,Mayor George Christopher,,,,,,,,,
"Reid, Robert",1969,Public Display : District 2 : Palace of Fine Arts,The Golden Fruit,,,,,,,,,
"Reid, Robert",1969,Public Display : District 2 : Palace of Fine Arts,Ideals in Art,,,,,,,,,
"Reid, Robert",1969,Public Display : Palace of Fine Arts,The Golden Grain,,,,,,,,,
"Reid, Robert",1969,Public Display : District 2 : Palace of Fine Arts,The Birth of European Art,,,,,,,,,
"Reid, Robert",1969,Public Display : District 2 : Palace of Fine Arts,The Golden Metal,,,,,,,,,
"Reid, Robert",1969,Public Display : District 2 : Palace of Fine Arts,The Golden Poppy,,,,,,,,,
"Reid, Robert",1969,Public Display : District 2 : Palace fo Fine Arts,Oriental Art,,,,,,,,,
"Reinerston, Lisa",1970,Public Display : District 6 : City Hall,Bust of Dianne Feinstein,,,,,,,,,
"Reinertson, Lisa",1970,Public Display : District 6 : City Hall,John F. Shelley,,,,,,,,,
"Reitschel, Ernst",ca. 1901,"Public Display : District 1 : GGP, Music Concourse",Goethe and Schiller,,,,,,,,,
"Renfrow, Gregg",1969,Storage : Airport,Untitled,,,,,,,,,
"Richards, Peter",1969,"City Department : SFGH, Garden of Building 80","Companion Place, a Complement to the Comfort Garden",,,,,,,,,
"Richards, Peter and Schwartzenberg, Susan",1969,Public Display : District 10 : McLaren Park,Philosopher's Walk,,,,,,,,,
"Rickey, George Warren",1982,"Public Display : District 6 : Outside Main Library, Larkin St.",Double L Eccentric Gyratory,Civic Center,"San Francisco Main Library, 100 Larkin St.",,,,,,,
rigo 99,1969,Airport : IT : Boarding Area G,Thinking of Balmy Alley,SFO,International Terminal : Boarding Area G,,,,,,,
"Riley, Cheryl",1969,City Department : 911 Emergency Services Center : 1011 Turk St. : Exterior,Angels of Mercy,,,,,,,,,
"Riley, Cheryl",1969,City Department : Bayview Police Station : 345 Williams,On Target Podium,,,,,,,,,
"Riley, Cheryl",1969,City Department : Bayview Police Station : 345 Williams Ave.,Indian Spoon Sconces,,345 Williams Ave,,,,,,,
"Riley, Cheryl",1991-97,City Department : Bayview Police Station : 345 Williams,Maasai Warrior Shield Light Sconces,,,,,,,,,
"Riley, Cheryl",1969,City Department : Bayview Police Station : 345 Williams Ave.,Indian Spoon Sconces,,345 Williams Ave,,,,,,,
"Riley, Cheryl",1991-97,City Department : Bayview Police Station : 345 Williams Ave. : Entrance Lobby,Akamba Inlay Floor,,,,,,,,,
"Riley, Cheryl",1991-97,City Department : Bayview Police Station : 345 Williams,Granary Bobo Bench,,,,,,,,,
"Rios, Michael",1969,City Department : SFGH : 4th Floor Terace,Untitled,,,,,,,,,
"Rivera, Diego",1969,"Public Display : District 11 : CCSF, Phelan Campus,",Marriage of the Artistic Expression of the North and South of this Continent,,,,,,,,,
"Rivera, Gustavo",1969,Airport : T3 : Boarding Area E : Gate 61,"Azul, Azul Y Hacer",SFO,T3 : Boarding Area E : Gate 61,,,,,,,
"Rivera, Gustavo",1981,Public Display : District 6 : Moscone Center : South,Untitled,SoMa,"Moscone Center, Howard between 3rd & 4th St.",,,,,,,
"Roberts, Kent",1969,Public Display : District 2 : Moscone Recreation Center,Passage,,,,,,,,,
"Rodin, Auguste",1880-1903,"Public Display : District 1 : Legion of Honor, north lawn",The Three Shades,,,,,,,,,
"Rodin, Auguste",,Public Display : District 1 : Legion of Honor Courtyard,The Thinker,,,,,,,,,
"Rodriguez, Isis",1969,Public Display : District 9 : Rolph Playground : Exterior entryway gate,Untitled [Rolph Playground],,,,,,,,,
"Rodriguez, Isis",2003,"Public Display : District 9 : Parque Ninos Unidos, 23rd and Treat",Los Ninos del Sol,Mission,"Parque Ninos Unidos, 23rd and Treat",,,,,,,
"Rodriguez, Isis",2008,Public Display : District 10 : Potrero Del Sol Park : Exterior entryway gate,Untitled [Potrero Del Sol Park],Mission,Potrero Del Sol Park : Exterior entryway gate,,,,,,,
"Rojas, Clare",2010,Airport : International Terminal : Boarding Area G,Blue Deer,SFO,International Terminal : Boarding Area G,,,,,,,
"Ross, Charles",1969,Airport : T1 : Boarding Area B,Light Lines,SFO,T1 : Boarding Area B,,,,,,,
"Runyon, Hal Bayard",1969,Public Display : District 3 : Foot of Market at Embarcadero,Andrew Furuseth (1854-1938),Embarcadero,Foot of Market at Embarcadero,,,,,,,
"Saltos, Elizabeth",1969,"City Department : Fire Station #44, 1298 Girard Ave.",Diagonal Relief,,1298 Girard Ave,,,,,,,
"Sarantitis, Joshua",1969,Public Display : District 10 : Jackson Playground : Arkansas St. and Mariposa,The Child Sees: Big Snail Fish,,,,,,,,,
"Sato, Norie",,Airport : Terminal 2 : North and South Faade,Air Over Under ,,,,,,,,,
"Saulls, Vicki",1969,Public Display : District 3 : North Beach Pool,Locus,,,,,,,,,
"Saulls, Vicki",1969,Public Display : District 3 : North Beach Pool,Nuotatori,,,,,,,,,
"Saulls, Vicki Ann",1969,Public Display : District 8 : Eureka Valley Recreation Center,Welcome Hands,,,,,,,,,
"Saulls, Vicki Ann",1969,Public Display : District 8 : Eureka Valley Recreation Center,From the Heart Outwards,,,,,,,,,
"Saulls, Vicky",1969,Public Display : District 1 : Golden Gate Park : Koret Children's Quarters,Untitled [group of animals],,,,,,,,,
"Saunders, Raymond",1969,Airport : T3 : Gate 83-85,Letter's Missing,,,,,,,,,
"Scheuer, Suzanne",1969,Public Display : District 3 : Coit Tower,Newsgathering,,,,,,,,,
"Schmid, Rupert",ca. 1908,Public Display : District 1 : GGP : Music Concourse,General Ulysses Simpson Grant (1822-1885),,,,,,,,,
"Schnier, Jacques",1969,Public Display : District 3 : 444 Bush St.,California Theater Plaque,,444 Bush St,,,,,,,
"Schweigardt, Frederick W.",1969,Public Display : District 2 : Golden Gate Bridge : Toll Crossing,Joseph B. Strauss (1870-1938) Memorial,,,,,,,,,
"Scuri, Vicki",1969,City Department : Sheriff's Facility : 7th St. and Bryant : Sidewalk,Sheriff Star Plaza,,,,,,,,,
"Segal, George",1969,Public Display : District 1 : Lincoln Park : Land's End,The Holocaust,,,,,,,,,
"Selinger, Paul",1969,Public Display : District 2 : Broderick and Bush Mini Park,Untitled,,,,,,,,,
"Sells, Raymond",1969,"Public Display : District 6 : 850 Bryant, Main entrance",Untitled (Planter),,,,,,,,,
"Sells, Raymond",1969,"Public Display : District 6 : 850 Bryant, main entrance",Untitled (Planter),,,,,,,,,
"Serlin, Merle Axelrad",1969,City Department : Laguna Honda Hospital : Link Building : L1,Bay Area Foothills,,,,,,,,,
"Serlin, Merle Axelrad",1969,City Department : Laguna Honda Hospital : Link Building : L1,Cliffs at Land's End,,,,,,,,,
"Serlin, Merle Axelrad",1969,City Department : Laguna Honda Hospital : Link Building : L1,Marin Headlands,,,,,,,,,
"Shaw, Richard",1969,Airport : Terminal 1 C,Martha H.,,,,,,,,,
"Shields-Clarke, Thomas",1969,"Public Display : District 1 : GGP, Music Concourse",The Cider Press,,,,,,,,,
"Shively, Evan",1969,City Department : SFGH : MHRF,Untitled,,,,,,,,,
"Shuler, Dustin",1985,City Department : DPT : Moscone Parking Garage : Facade,Spider Pelt,SoMa,Moscone Parking Garage : Facade: Third Street between Howard and Folsom,,,,,,,
"Shum, Hilda",1969,"City Department : SFGFH, Skilled Mental Health Nursing Facility",Fish Tale,,,,,,,,,
"Shunkai, Bundo",1983,Public Display : District 1 : Land's End,Peace Monument,,,,,,,,,
"Slusky, Joseph",1969,City Department : PUC : San Andreas Water Facility : Millbrae,Calypso,,,,,,,,,
"Smith, Anthony",1969,"Public Display : District 6 : Father Boeddekker Park, Jones and Eddy",Untitled,,,,,,,,,
"Smith, Hassel",1969,Airport : Terminal 2 : Ticketing Lobby : Connector to Terminal 3,Metamorphosis,,,,,,,,,
"Smith, Owen",1969,See Cover Record,Building the Iron Horse,,,,,,,,,
"Smith, Owen",1969,See Cover Record,Building the Iron Horse,,,,,,,,,
"Smith, Owen",1969,See Cover Record,Building the Iron Horse,,,,,,,,,
"Smith, Owen",1969,See Cover Record,Building the Iron Horse,,,,,,,,,
"Smith, Owen",1969,City Department : Laguna Honda Hospital : Link Building : Entrance Lobby : Cente,,,,,,,,,,
"Smith, Owen",1969,City Department : Laguna Honda Hospital : North Residence Building : L5 : East W,,,,,,,,,,
"Smith, Owen",1969,City Department : Laguna Honda Hospital : North Residence Building : L5 : Northe,,,,,,,,,,
"Smith, Owen",1969,City Department : Laguna Honda Hospital : South Residence Building : L5 : Southw,,,,,,,,,,
"Smith, Owen",1969,City Department : Laguna Honda Hospital : South Residence Building : L5 : Northw,,,,,,,,,,
"Smith, Owen",1969,City Department : Laguna Honda Hospital,Untitled [mosaics],,,,,,,,,
"Smith, Owen",1969,City Department : Laguna Honda Hospital : South Residence Building : L5 : Northe,,,,,,,,,,
"Smith, Owen",1969,City Department : Laguna Honda Hospital : Link Building : Entrance Lobby : Right,,,,,,,,,,
"Smith, Owen",1969,City Department : Laguna Honda Hospital : South Residence Building : L5 : East W,,,,,,,,,,
"Smith, Owen",1969,City Department : Laguna Honda Hospital : Link Building : Entrance Lobby : Left,,,,,,,,,,
"Smith, Owen",1969,City Department : Laguna Honda Hospital : North Residence Building : L5 : Northw,,,,,,,,,,
"Smith, Owen",1969,City Department : Laguna Honda Hospital : North Residence Building : L5 : Southw,,,,,,,,,,
"Smith, Owen",1969,City Department : Laguna Honda Hospital : Lobby,Untitled [Sculpture Reliefs],,,,,,,,,
"Snyder, Dan",1969,"Airport : Terminal 2 : Arrivals, Rear Wall","Welcome North, Welcome South, Welcome East, Welcome West",,,,,,,,,
"Sonnier, Keith",1969,Airport : IT : Boarding Area G : Arrivals corridor,Ceiling Flood,,,,,,,,,
"Sowers, Charles",1969,Airport : Terminal 2 : Between Gates 58A and 58B : Children's Play Area,Butterfly Wall,SFO,Terminal 2 : Between Gates 58A and 58B : Children's Play Area,,,,,,,
"Sproat, Christopher Townsend",1969,City Department : DPT : Ellis and O'Farrell Parking Garage,Spine,,,,,,,,,
"Stackpole, Ralph",1969,"Public Display : District 6 : City Hall : Elevator Lobby, 4th Floor",James M. Seawell (1836-1917),,,,,,,,,
"Stackpole, Ralph",1969,Public Display : District 3 : Coit Tower,Industries of California,,,,,,,,,
"Stackpole, Ralph",1969,City Department : City Recorder,Edmund Godchaux (1849-1939),,,,,,,,,
"Stackpole, Ralph",1969,Public Display : District 1 : Washington High School : Librar y,Contemporary Education,,,,,,,,,
"Stellon, Anthony",1969,Franklin Square : Storage Yard,The Brotherhood of Man,,,,,,,,,
"Stern, Jan Peter",?,Public Display : District 3 : Maritime Plaza,Limits of Horizon II,,,,,,,,,
"Story, William Wetmore",1969,"Public Display : District 1 : GGP, Music Concourse",Francis Scott Key (1780-1843),,,,,,,,,
"Stutz, Michael",1969,Airport : T1 : Boarding Area C : Gate 43,Cardboard Kore,,,,,,,,,
"Tamayo, Rufino",1969,Airport : Storage,"Conquest of Space, 1983",,,,,,,,,
"Tchakalian, Sam",1969,Airport : Terminal 2 : Ticketing Lobby : Connector to Terminal 3,Hitwood,,,,,,,,,
"Telcocci, Gina",1969,Public Display : District 10 : Potrero Branch Library : 1616 20th Street,here and past here,,,,,,,,,
"Templeton, Mark",1969,Public Display : District 6 : 850 Bryant or Civic Center,85194,,,,,,,,,
"Terada, Edward Takeo",1969,Public Display : District 3 : Coit Tower,Sports,,,,,,,,,
"Thiebaud, Wayne",1969,Airport : Terminal 3,18th Street Downgrade,,,,,,,,,
"Tilden, Douglas",1969,Public Display : District 3 : Market and Battery Streets,Mechanics Monument (Peter Donahue-1829-1885),,,,,,,,,
"Tilden, Douglas",1969,Public Display : District 3 : Market and Montgomery,Native Sons Monument (Admission Day Monument),,,,,,,,,
"Tilden, Douglas",1969,Public Display : District 3 : Market and Battery,Mechanics Monument (Peter Donahue-1829-1885),,,,,,,,,
"Tilden, Douglas",1969,Public Display : District 1 : GGP : JFK,Ball Thrower,,,,,,,,,
"Tilden, Douglas",1969,Public Display : District 1 : GGP : Music Concourse,Padre Junipero Serra (1713-1784),,,,,,,,,
"Tilden, Douglas",1969,Public Display : District 8 : Market and Dolores,"California Volunteers, Spanish American War, 1898",,,,,,,,,
"Torlakson, James",1969,Airport : T3,Behind Ted McCann's Garage,,,,,,,,,
"True, Laurel",1969,Public Display : District 10 : Ocean and Granada Avenues,Sun Spheres,,,,,,,,,
"True, Laurel",2011,,Lily Pod,Hayes Valley,"Hayes Valley Playground, Hayes and Webster streets",,,,,,,
"Uehara, Kinji",1969,Airport : Principal Property Manager's Office,The Red Horizon,,,,,,,,,
Vaea,1969,City Department : Health Center #3,Untitled,,,,,,,,,
Vaea,1969,City Department : Health Center #3,Untitled,,,,,,,,,
"Vaillancourt, Armand",1969,Public Display : District 3 : Embarcadero : Justin Herman Plaza,The Embarcadero Fountain,,,,,,,,,
VanDenberge,1971,Public Display : District 8 : Christopher Park : 5210 Diamond Heights Blvd.,Untitled,,5210 Diamond Heights Blvd,,,,,,,
"VanDenberge, Peter",1969,"Public Display : District 1 : GGP, Hall of Flowers",Garden of Alice,,,,,,,,,
"VanDenberge, Peter",1969,Public Display : District 11 : CCSF : Phelan Campus : Library,Jungle Scenes,,,,,,,,,
"Vidar, Frede",1969,Public Display : District 3 : Coit Tower,Department Store,,,,,,,,,
"Villamor, Manuel",1969,City Department : SFGH : 3rd Floor Courtyard : Mechanical Building,Untitled,,,,,,,,,
"Villamor, Manuel",1969,Airport : T3 : Boarding Area E,Untitled,,,,,,,,,
"Villegas, Victor Hugo Barranechea",1969,"Public Display : District 6 : UN Plaza, West end",Simon Bolivar,,,,,,,,,
"Volz, Herman",1969,Public Display : CCSF : Ocean Campus : Science Building : North and South Exteri,Education (Organic and Inorganic Science),,,,,,,,,
"VonMeyer, Michael",1969,"Public Display : District 1 : GGP, Children's Playground",The Child,,,,,,,,,
"Voulkos, Peter",1969-1971,Public Display : Hall of Justice : 850 Bryant at 7th St. : West Corner Lawn,Untitled,,,,,,,,,
"Wagner, Catherine",1969,Public Display : District 4 : Sava Pool : 19th Avenue and Ulloa,Swimmer's Waves,,,,,,,,,
"Walburg, Gerald",1969,City Department : SFGH : Main Quad,Stiff Loops (Loop IV),,,,,,,,,
"Walter, Edgar",1969,Museum : District 1 : GGP : Academy of Sciences,Ignatz and Sigmund Steinhart (1840-1917),,,,,,,,,
"Washington, Horace",1969,Public Display : District 5 : Hamilton Pool : 1900 Geary Blvd.,Untitled,,1900 Geary Blvd,,,,,,,
"Washington, Horace",1969,City Department : SFPD : Northern Station,Untitled,,,,,,,,,
"Wehrle, John",1969,City Department : SFPL: Ocean View Branch,Words Fly Away,,345 Randolph St,,,,,,,
"Wessels, Glenn",1969,Public Display : District 7 : Laguna Honda Hospital,"Fire, Earth, Water, Air, The Professions",,,,,,,,,
"Wight, Clifford",1969,Public Display : District 3 : Coit Tower,Farmer and Cowboy,,,,,,,,,
"Wight, Clifford",1969,Public Display : District 3 : Coit Tower,Surveyor and Steelworker,,,,,,,,,
"Wiley, William",1969,Airport : T3 : Gates 89-90,Void,,,,,,,,,
"Wong, Al",1969,"City Department : Fire Station #2, 1340 Powell",Light Clouds,,,,,,,,,
"Wonner, Paul",1981,Public Display : District 6 : Moscone Center,Souvenir of San Francisco,SoMa,"Moscone Convention Center, Mezzanine level, Howard Street between 3rd and 4th Streets",,,,,,,
Wowhaus,1969,Public Display : Sunnyside Conservatory : 236 Monterey Blvd.,Sunnyside Menagerie,,236 Monterey Blvd,,,,,,,
"Yung, Rene",1969,"Public Display : District 3 : SFPL, Chinatown : 1135 Powell : Reading Room",Take Root,,1135 Powell St,,,,,,,
"Zajac, Jack",1969,Airport : T1 : Boarding Area C,Falling Water Santa Cruz II,,,,,,,,,
"Zakheim, Bernard Baruch",1969,Public Display : District 3 : Coit Tower,Library,,,,,,,,,
"Zed, Dana",1969,Public Display : District 10 : Portola Branch Library : Bacon and Goettengen Str,California Wildflowers,,,,,,,,,
"Zoell, Bob",1969,Airport : T-2 : Secure Connector,Untitled [frosted glass panels],,,,,,,,,
"Oldenburg, Claes & van Bruggen, Coosje",2002,,Cupids Span,Embarcadero,Embarcadero at Folsom St.,,,,,,,
Multiple,,,Clarion Alley Murals,Mission,Clarion Alley between 17th & 18th St.,,,,,,,
"Alavi, Seyed",2006-2007,,Golden Gateway,Hayes Valley,"Patricias Green, Hayes St. & Octavia Blvd.",,,,,,,
"Best, David",2005,,Untitled,Hayes Valley,"Patricias Green, Hayes St. & Octavia Blvd.",,,,,,,
"Diller, Elizabeth",2003,,Facsimile,SoMa,"Moscone Center, Howard between 3rd & 4th St.",,,,,,,
"Dougherty, Patrick",2009,,Untitled,Civic Center,Civic Center Plaza,,,,,,,
"Gordon, David & Shum, Hilda",2003,,Tree,SoMa,"Moscone Convention Center, West Lobby, Howard between 3rd and 4th Streets",,,,,,,
"Huan, Zhang",2008,,Three Heads Six Arms,Civic Center,Civic Center Plaza,,,,,,,
"Kahn, Ned",2012,,Firefly,Civic Center,525 Golden Gate,,,,,,,
"Labat, Tony",2009,,Big Peace IV,Hayes Valley,Patricias Green at Hayes Street and Octavia Boulevard,,,,,,,
"Mark, Carolyna",2002,,The Flower Inside Us Grows,Mission,"Mission Street Bus Bulbs, 150 Otis Street, between McCoppin and 13th Streets",,,,,,,
"Bartalos, Michael",2012,,Mission Parade,Mission,Valencia & 19th St.,,,,,,,
"Montoya, Emmanuel C.",1999,,"Dieties of Knowledge, Culture & Literature",Mission,"Mission Branch Library, 300 Bartlett St. and 24th St.",,,,,,,
"Schnell, Jovi",2010-2011,,Evolves the Luminous Flora,SoMa,"Tutubi Plaza, Russ Street between Minna and Natoma streets",,,,,,,
"Valdes, Manolo",2008,,Manolo Valdes in San Francisco,Civic Center,Civic Center Plaza,,,,,,,
"Wang, Po Shu",2005,,Ghinlon/Transcope,Hayes Valley,Octavia Boulevard from Market to Hayes Streets,,,,,,,
,,,,,,,,,,,,